ESIDNumber,Latitude,Longitude,eclipse_type,coverage,FirstContactDate,FirstContactTimeUTC,SecondContactTimeUTC,ThirdContactTimeUTC,FourthContactTimeUTC,TotalEclipseTimeUTC
0,0,0,None,0,4/8/2024,NaN:NaN,0,0,NaN:NaN,19:50:44
1,34.53804,-93.03621,Total,100,4/8/2024,17:31:56,18:49:24,18:53:05,20:10:10,18:51:15
2,41.2124,-81.5759,Total,100,4/8/2024,17:59:07,19:13:53,19:17:12,20:28:57,19:15:32
3,0,0,None,0,4/8/2024,NaN:NaN,0,0,NaN:NaN,19:50:44
4,29.4195767,-99.6087549,Total,100,4/8/2024,17:12:47,18:30:12,18:34:31,19:53:48,18:32:21
5,0,0,None,0,4/8/2024,NaN:NaN,0,0,NaN:NaN,19:50:44
6,0,0,None,0,4/8/2024,NaN:NaN,0,0,NaN:NaN,19:50:44
7,0,0,None,0,4/8/2024,NaN:NaN,0,0,NaN:NaN,19:50:44
8,0,0,None,0,4/8/2024,NaN:NaN,0,0,NaN:NaN,19:50:44
9,0,0,None,0,4/8/2024,NaN:NaN,0,0,NaN:NaN,19:50:44
10,0,0,None,0,4/8/2024,NaN:NaN,0,0,NaN:NaN,19:50:44
11,0,0,None,0,4/8/2024,NaN:NaN,0,0,NaN:NaN,19:50:44
12,37.464196,-89.77532,Total,100,4/8/2024,17:41:40,18:58:01,19:02:09,20:17:09,19:00:05
13,0,0,None,0,4/8/2024,NaN:NaN,0,0,NaN:NaN,19:50:44
14,45.515893,-122.587539,Partial,22.32,4/8/2024,17:33:39,0,0,19:19:51,18:25:50
15,34.51126,-93.06024,Total,100,4/8/2024,17:31:51,18:49:20,18:53:00,20:10:06,18:51:10
16,33.709684,-95.4926622,Total,100,4/8/2024,17:26:48,18:44:04,18:48:04,20:05:37,18:46:04
17,0,0,None,0,4/8/2024,NaN:NaN,0,0,NaN:NaN,19:50:44
18,0,0,None,0,4/8/2024,NaN:NaN,0,0,NaN:NaN,19:50:44
19,0,0,None,0,4/8/2024,NaN:NaN,0,0,NaN:NaN,19:50:44
20,0,0,None,0,4/8/2024,NaN:NaN,0,0,NaN:NaN,19:50:44
21,0,0,None,0,4/8/2024,NaN:NaN,0,0,NaN:NaN,19:50:44
22,0,0,None,0,4/8/2024,NaN:NaN,0,0,NaN:NaN,19:50:44
23,33.2436226,-97.1486084,Partial,99.89,4/8/2024,17:23:35,0,0,20:02:31,18:42:41
24,0,0,None,0,4/8/2024,NaN:NaN,0,0,NaN:NaN,19:50:44
25,0,0,None,0,4/8/2024,NaN:NaN,0,0,NaN:NaN,19:50:44
26,0,0,None,0,4/8/2024,NaN:NaN,0,0,NaN:NaN,19:50:44
27,0,0,None,0,4/8/2024,NaN:NaN,0,0,NaN:NaN,19:50:44
28,0,0,None,0,4/8/2024,NaN:NaN,0,0,NaN:NaN,19:50:44
29,0,0,None,0,4/8/2024,NaN:NaN,0,0,NaN:NaN,19:50:44
30,0,0,None,0,4/8/2024,NaN:NaN,0,0,NaN:NaN,19:50:44
31,0,0,None,0,4/8/2024,NaN:NaN,0,0,NaN:NaN,19:50:44
32,0,0,None,0,4/8/2024,NaN:NaN,0,0,NaN:NaN,19:50:44
33,0,0,None,0,4/8/2024,NaN:NaN,0,0,NaN:NaN,19:50:44
34,34.0027,-118.25613,Partial,48.89,4/8/2024,17:05:58,0,0,19:21:58,18:12:08
35,0,0,None,0,4/8/2024,NaN:NaN,0,0,NaN:NaN,19:50:44
36,0,0,None,0,4/8/2024,NaN:NaN,0,0,NaN:NaN,19:50:44
37,0,0,None,0,4/8/2024,NaN:NaN,0,0,NaN:NaN,19:50:44
38,0,0,None,0,4/8/2024,NaN:NaN,0,0,NaN:NaN,19:50:44
39,0,0,None,0,4/8/2024,NaN:NaN,0,0,NaN:NaN,19:50:44
40,0,0,None,0,4/8/2024,NaN:NaN,0,0,NaN:NaN,19:50:44
41,0,0,None,0,4/8/2024,NaN:NaN,0,0,NaN:NaN,19:50:44
42,0,0,None,0,4/8/2024,NaN:NaN,0,0,NaN:NaN,19:50:44
43,0,0,None,0,4/8/2024,NaN:NaN,0,0,NaN:NaN,19:50:44
44,0,0,None,0,4/8/2024,NaN:NaN,0,0,NaN:NaN,19:50:44
45,0,0,None,0,4/8/2024,NaN:NaN,0,0,NaN:NaN,19:50:44
46,0,0,None,0,4/8/2024,NaN:NaN,0,0,NaN:NaN,19:50:44
47,41.67554,-81.21315,Total,100,4/8/2024,18:00:10,19:14:27,19:18:13,20:29:27,19:16:20
48,0,0,None,0,4/8/2024,NaN:NaN,0,0,NaN:NaN,19:50:44
49,0,0,None,0,4/8/2024,NaN:NaN,0,0,NaN:NaN,19:50:44
50,0,0,None,0,4/8/2024,NaN:NaN,0,0,NaN:NaN,19:50:44
51,0,0,None,0,4/8/2024,NaN:NaN,0,0,NaN:NaN,19:50:44
52,0,0,None,0,4/8/2024,NaN:NaN,0,0,NaN:NaN,19:50:44
53,29.52436,-98.58079,Total,100,4/8/2024,17:14:28,18:33:19,18:35:12,19:55:38,18:34:15
54,0,0,None,0,4/8/2024,NaN:NaN,0,0,NaN:NaN,19:50:44
55,35.98343,-92.86608,Total,100,4/8/2024,17:34:39,18:51:51,18:55:03,20:11:41,18:53:27
56,0,0,None,0,4/8/2024,NaN:NaN,0,0,NaN:NaN,19:50:44
57,0,0,None,0,4/8/2024,NaN:NaN,0,0,NaN:NaN,19:50:44
58,0,0,None,0,4/8/2024,NaN:NaN,0,0,NaN:NaN,19:50:44
59,0,0,None,0,4/8/2024,NaN:NaN,0,0,NaN:NaN,19:50:44
60,0,0,None,0,4/8/2024,NaN:NaN,0,0,NaN:NaN,19:50:44
61,0,0,None,0,4/8/2024,NaN:NaN,0,0,NaN:NaN,19:50:44
62,0,0,None,0,4/8/2024,NaN:NaN,0,0,NaN:NaN,19:50:44
63,0,0,None,0,4/8/2024,NaN:NaN,0,0,NaN:NaN,19:50:44
64,34.3943196,-92.8361688,Total,100,4/8/2024,17:32:00,18:50:00,18:52:45,20:10:19,18:51:22
65,0,0,None,0,4/8/2024,NaN:NaN,0,0,NaN:NaN,19:50:44
66,0,0,None,0,4/8/2024,NaN:NaN,0,0,NaN:NaN,19:50:44
67,0,0,None,0,4/8/2024,NaN:NaN,0,0,NaN:NaN,19:50:44
68,0,0,None,0,4/8/2024,NaN:NaN,0,0,NaN:NaN,19:50:44
69,0,0,None,0,4/8/2024,NaN:NaN,0,0,NaN:NaN,19:50:44
70,0,0,None,0,4/8/2024,NaN:NaN,0,0,NaN:NaN,19:50:44
71,32.8984253,-96.9337889,Total,100,4/8/2024,17:23:14,18:40:53,18:44:07,20:02:29,18:42:30
72,0,0,None,0,4/8/2024,NaN:NaN,0,0,NaN:NaN,19:50:44
73,36.8,-90.4,Total,100,4/8/2024,17:39:41,18:56:16,19:00:25,20:15:50,18:58:21
74,0,0,None,0,4/8/2024,NaN:NaN,0,0,NaN:NaN,19:50:44
75,0,0,None,0,4/8/2024,NaN:NaN,0,0,NaN:NaN,19:50:44
76,0,0,None,0,4/8/2024,NaN:NaN,0,0,NaN:NaN,19:50:44
77,0,0,None,0,4/8/2024,NaN:NaN,0,0,NaN:NaN,19:50:44
78,44.74256,-72.58918,Total,100,4/8/2024,18:15:10,19:26:45,19:30:06,20:37:43,19:28:26
79,40.42048,-86.00942,Total,100,4/8/2024,17:51:34,19:07:45,19:09:34,20:23:33,19:08:40
80,0,0,None,0,4/8/2024,NaN:NaN,0,0,NaN:NaN,19:50:44
81,0,0,None,0,4/8/2024,NaN:NaN,0,0,NaN:NaN,19:50:44
82,0,0,None,0,4/8/2024,NaN:NaN,0,0,NaN:NaN,19:50:44
83,0,0,None,0,4/8/2024,NaN:NaN,0,0,NaN:NaN,19:50:44
84,45.053473,-71.390429,Total,100,4/8/2024,18:16:59,19:28:12,19:31:27,20:38:38,19:29:50
85,0,0,None,0,4/8/2024,NaN:NaN,0,0,NaN:NaN,19:50:44
86,0,0,None,0,4/8/2024,NaN:NaN,0,0,NaN:NaN,19:50:44
87,0,0,None,0,4/8/2024,NaN:NaN,0,0,NaN:NaN,19:50:44
88,45.051337,-71.347422,Total,100,4/8/2024,18:17:02,19:28:15,19:31:29,20:38:40,19:29:53
89,42.12702,-80.08697,Total,100,4/8/2024,18:02:19,19:16:16,19:19:59,20:30:44,19:18:08
90,0,0,None,0,4/8/2024,NaN:NaN,0,0,NaN:NaN,19:50:44
91,0,0,None,0,4/8/2024,NaN:NaN,0,0,NaN:NaN,19:50:44
92,42.000989,-80.439561,Total,100,4/8/2024,18:01:40,19:15:43,19:19:27,20:30:21,19:17:35
93,0,0,None,0,4/8/2024,NaN:NaN,0,0,NaN:NaN,19:50:44
94,0,0,None,0,4/8/2024,NaN:NaN,0,0,NaN:NaN,19:50:44
95,0,0,None,0,4/8/2024,NaN:NaN,0,0,NaN:NaN,19:50:44
96,40.9226,-83.98505,Total,100,4/8/2024,17:55:11,19:10:07,19:13:48,20:26:09,19:11:58
97,0,0,None,0,4/8/2024,NaN:NaN,0,0,NaN:NaN,19:50:44
98,33.89,-94.7515,Total,100,4/8/2024,17:28:13,18:45:23,18:49:42,20:06:57,18:47:33
99,41.2753704,-82.2342006,Total,100,4/8/2024,17:58:12,19:12:44,19:16:36,20:28:15,19:14:40
100,0,0,None,0,4/8/2024,NaN:NaN,0,0,NaN:NaN,19:50:44
101,0,0,None,0,4/8/2024,NaN:NaN,0,0,NaN:NaN,19:50:44
102,37.8664,-90.531098,Total,100,4/8/2024,17:41:11,18:58:43,19:00:01,20:16:22,18:59:22
103,43.79568,-72.18011,Partial,98.89,4/8/2024,18:15:10,0,0,20:38:10,19:28:43
104,0,0,None,0,4/8/2024,NaN:NaN,0,0,NaN:NaN,19:50:44
105,29.620494,-99.528884,Total,100,4/8/2024,17:13:17,18:30:39,18:35:02,19:54:12,18:32:50
106,0,0,None,0,4/8/2024,NaN:NaN,0,0,NaN:NaN,19:50:44
107,0,0,None,0,4/8/2024,NaN:NaN,0,0,NaN:NaN,19:50:44
108,42.866523,-78.667772,Total,100,4/8/2024,18:05:07,19:18:30,19:22:15,20:32:16,19:20:23
109,0,0,None,0,4/8/2024,NaN:NaN,0,0,NaN:NaN,19:50:44
110,0,0,None,0,4/8/2024,NaN:NaN,0,0,NaN:NaN,19:50:44
111,0,0,None,0,4/8/2024,NaN:NaN,0,0,NaN:NaN,19:50:44
112,0,0,None,0,4/8/2024,NaN:NaN,0,0,NaN:NaN,19:50:44
113,0,0,None,0,4/8/2024,NaN:NaN,0,0,NaN:NaN,19:50:44
114,0,0,None,0,4/8/2024,NaN:NaN,0,0,NaN:NaN,19:50:44
115,39.93902,-86.26903,Total,100,4/8/2024,17:50:32,19:06:11,19:09:32,20:23:02,19:07:52
116,0,0,None,0,4/8/2024,NaN:NaN,0,0,NaN:NaN,19:50:44
117,32.725876,-114.61021,Partial,59.64,4/8/2024,17:04:53,0,0,19:28:45,18:14:57
118,34.947778,-81.933056,Partial,81.23,4/8/2024,17:51:40,0,0,20:24:56,19:09:49
119,41.883889,-87.912778,Partial,93.31,4/8/2024,17:51:00,0,0,20:21:34,19:07:12
120A,38.48651,-89.85468,Partial,99.84,4/8/2024,17:43:09,0,0,20:17:40,19:01:06
120,31.053038,-97.640924,Total,100,4/8/2024,17:18:45,18:36:20,18:40:28,19:59:11,18:38:24
121,32.833662,-97.272222,Total,100,4/8/2024,17:22:38,18:40:42,18:42:59,20:01:53,18:41:51
122,25.50617936,-80.43085617,Partial,45.81,4/8/2024,17:46:47,0,0,20:12:27,19:00:56
123A,135,-61.3,None,0,4/8/2024,NaN:NaN,0,0,NaN:NaN,17:46:49
123,38.97196,-77.54668,Partial,88.43,4/8/2024,18:03:22,0,0,20:32:22,19:19:45
124,30.351576,-99.270759,Total,100,4/8/2024,17:15:04,18:32:23,18:36:40,19:55:37,18:34:31
125,40.491146,-74.445,Partial,89.66,4/8/2024,18:09:39,0,0,20:35:51,19:24:49
126,0,0,None,0,4/8/2024,NaN:NaN,0,0,NaN:NaN,19:50:44
127,0,0,None,0,4/8/2024,NaN:NaN,0,0,NaN:NaN,19:50:44
128,0,0,None,0,4/8/2024,NaN:NaN,0,0,NaN:NaN,19:50:44
129,0,0,None,0,4/8/2024,NaN:NaN,0,0,NaN:NaN,19:50:44
130,0,0,None,0,4/8/2024,NaN:NaN,0,0,NaN:NaN,19:50:44
131,0,0,None,0,4/8/2024,NaN:NaN,0,0,NaN:NaN,19:50:44
132,0,0,None,0,4/8/2024,NaN:NaN,0,0,NaN:NaN,19:50:44
133,32.977989,-111.517212,Partial,66.38,4/8/2024,17:07:37,0,0,19:35:35,18:19:54
134,35.61292,-93.83612,Total,100,4/8/2024,17:32:36,18:50:42,18:52:08,20:09:56,18:51:25
135,0,0,None,0,4/8/2024,NaN:NaN,0,0,NaN:NaN,19:50:44
136,27.670518,-97.32774,Partial,93.06,4/8/2024,17:12:57,0,0,19:54:55,18:33:09
137,44.02991,-92.84913,Partial,77.57,4/8/2024,17:48:25,0,0,20:15:11,19:02:15
138,34.56449,-92.3477,Total,100,4/8/2024,17:33:02,18:51:38,18:53:10,20:11:12,18:52:24
139,35.43789,-97.51955,Partial,93.62,4/8/2024,17:27:14,0,0,20:04:01,18:45:21
140,0,0,None,0,4/8/2024,NaN:NaN,0,0,NaN:NaN,19:50:44
141,0,0,None,0,4/8/2024,NaN:NaN,0,0,NaN:NaN,19:50:44
142,0,0,None,0,4/8/2024,NaN:NaN,0,0,NaN:NaN,19:50:44
143,0,0,None,0,4/8/2024,NaN:NaN,0,0,NaN:NaN,19:50:44
144,41.55425,-72.6633606,Partial,91.39,4/8/2024,18:13:08,0,0,20:37:39,19:27:31
145,39.78128,-104.8407,Partial,65.32,4/8/2024,17:28:18,0,0,19:54:12,18:40:32
146,32.82625,-97.18712,Total,100,4/8/2024,17:22:44,18:40:38,18:43:19,20:02:00,18:41:58
147,32.04413,-106.62485,Partial,80.73,4/8/2024,17:09:46,0,0,19:44:25,18:25:39
148,0,0,None,0,4/8/2024,NaN:NaN,0,0,NaN:NaN,19:50:44
149,29.3465422,-99.13989529,Total,100,4/8/2024,17:13:19,18:31:18,18:34:43,19:54:28,18:33:01
150,0,0,None,0,4/8/2024,NaN:NaN,0,0,NaN:NaN,19:50:44
151,27.4726593,-99.4748946,Partial,97.89,4/8/2024,17:09:14,0,0,19:51:09,18:29:08
152,0,0,None,0,4/8/2024,NaN:NaN,0,0,NaN:NaN,19:50:44
153,0,0,None,0,4/8/2024,NaN:NaN,0,0,NaN:NaN,19:50:44
154,0,0,None,0,4/8/2024,NaN:NaN,0,0,NaN:NaN,19:50:44
155,0,0,None,0,4/8/2024,NaN:NaN,0,0,NaN:NaN,19:50:44
156,0,0,None,0,4/8/2024,NaN:NaN,0,0,NaN:NaN,19:50:44
157,0,0,None,0,4/8/2024,NaN:NaN,0,0,NaN:NaN,19:50:44
158,0,0,None,0,4/8/2024,NaN:NaN,0,0,NaN:NaN,19:50:44
159,0,0,None,0,4/8/2024,NaN:NaN,0,0,NaN:NaN,19:50:44
160,0,0,None,0,4/8/2024,NaN:NaN,0,0,NaN:NaN,19:50:44
161,40.62757591,-96.95340501,Partial,79.76,4/8/2024,17:37:47,0,0,20:08:11,18:52:59
162,30.31421,-97.72242,Total,100,4/8/2024,17:17:14,18:36:01,18:38:03,19:58:06,18:37:02
163,30.95447,-95.91512,Partial,98.59,4/8/2024,17:21:10,0,0,20:01:48,18:41:08
164,0,0,None,0,4/8/2024,NaN:NaN,0,0,NaN:NaN,19:50:44
165,33.025997,-96.545349,Total,100,4/8/2024,17:24:02,18:41:28,18:45:12,20:03:15,18:43:20
166,0,0,None,0,4/8/2024,NaN:NaN,0,0,NaN:NaN,19:50:44
167,30.3537946,-93.1822415,Partial,90.49,4/8/2024,17:24:37,0,0,20:05:08,18:44:50
168,30.17283,-95.53723,Partial,95.67,4/8/2024,17:20:22,0,0,20:01:21,18:40:30
169,30.0328,-99.0905,Total,100,4/8/2024,17:14:42,18:32:05,18:36:28,19:55:29,18:34:17
170,0,0,None,0,4/8/2024,NaN:NaN,0,0,NaN:NaN,19:50:44
171,30.45075,-99.79952778,Total,100,4/8/2024,17:14:31,18:32:15,18:35:23,19:54:51,18:33:49
172,29.860051,-98.4833,Total,100,4/8/2024,17:15:15,18:33:26,18:36:34,19:56:16,18:35:00
173,0,0,None,0,4/8/2024,NaN:NaN,0,0,NaN:NaN,19:50:44
174,30.1007767,-98.8202804,Total,100,4/8/2024,17:15:13,18:32:43,18:36:58,19:56:02,18:34:51
175,29.21023,-99.77858,Total,100,4/8/2024,17:12:08,18:29:35,18:33:50,19:53:13,18:31:42
176,0,0,None,0,4/8/2024,NaN:NaN,0,0,NaN:NaN,19:50:44
177,29.22198,-99.73889,Total,100,4/8/2024,17:12:12,18:29:41,18:33:55,19:53:18,18:31:48
178,0,0,None,0,4/8/2024,NaN:NaN,0,0,NaN:NaN,19:50:44
179,0,0,None,0,4/8/2024,NaN:NaN,0,0,NaN:NaN,19:50:44
180,0,0,None,0,4/8/2024,NaN:NaN,0,0,NaN:NaN,19:50:44
181,0,0,None,0,4/8/2024,NaN:NaN,0,0,NaN:NaN,19:50:44
182,0,0,None,0,4/8/2024,NaN:NaN,0,0,NaN:NaN,19:50:44
183,0,0,None,0,4/8/2024,NaN:NaN,0,0,NaN:NaN,19:50:44
184,32.7223876,-95.5094739,Total,100,4/8/2024,17:25:00,18:42:37,18:46:32,20:04:33,18:44:34
185,28.617778,-97.672222,Partial,96.53,4/8/2024,17:14:09,0,0,19:55:49,18:34:14
186,41.022639,-82.927076,Total,100,4/8/2024,17:56:53,19:11:34,19:15:28,20:27:24,19:13:31
187,29.639182,-98.627463,Total,100,4/8/2024,17:14:37,18:32:59,18:35:46,19:55:43,18:34:23
188,0,0,None,0,4/8/2024,NaN:NaN,0,0,NaN:NaN,19:50:44
189,0,0,None,0,4/8/2024,NaN:NaN,0,0,NaN:NaN,19:50:44
190,0,0,None,0,4/8/2024,NaN:NaN,0,0,NaN:NaN,19:50:44
191,29.6327,-100.4387,Total,100,4/8/2024,17:12:02,18:29:28,18:33:14,19:52:41,18:31:21
192,0,0,None,0,4/8/2024,NaN:NaN,0,0,NaN:NaN,19:50:44
193,29.524703,-95.800443,Partial,94.47,4/8/2024,17:18:47,0,0,20:00:03,18:38:59
194,33.82134,-95.46096,Total,100,4/8/2024,17:27:03,18:44:22,18:48:13,20:05:47,18:46:17
195,0,0,None,0,4/8/2024,NaN:NaN,0,0,NaN:NaN,19:50:44
196,33.148493,-95.601458,Total,100,4/8/2024,17:25:38,18:42:53,18:47:14,20:04:52,18:45:04
197,27.957222,-97.124167,Partial,93.34,4/8/2024,17:13:48,0,0,19:55:41,18:34:01
198,32.849779,-97.492761,Partial,99.99,4/8/2024,17:22:21,0,0,20:01:32,18:41:31
199,30.415845,-94.170422,Partial,93.08,4/8/2024,17:23:02,0,0,20:03:45,18:43:14
200,30.95447,-95.91512,Partial,98.59,4/8/2024,17:21:10,0,0,20:01:48,18:41:08
201,34.52847,-93.06775,Total,100,4/8/2024,17:31:52,18:49:19,18:53:02,20:10:06,18:51:11
202,32.7230553,-95.510417,Total,100,4/8/2024,17:25:00,18:42:37,18:46:32,20:04:33,18:44:34
203,30.31421,-97.72242,Total,100,4/8/2024,17:17:14,18:36:01,18:38:03,19:58:06,18:37:02
204,29.523398,-95.803043,Partial,94.47,4/8/2024,17:18:47,0,0,20:00:03,18:38:58
205,0,0,None,0,4/8/2024,NaN:NaN,0,0,NaN:NaN,19:50:44
206,30.0328,-99.0905,Total,100,4/8/2024,17:14:42,18:32:05,18:36:28,19:55:29,18:34:17
207,0,0,None,0,4/8/2024,NaN:NaN,0,0,NaN:NaN,19:50:44
208,31.84405,-100.9803,Partial,95.39,4/8/2024,17:15:44,0,0,19:54:33,18:34:14
209,44.5174,-74.30237,Total,100,4/8/2024,18:12:40,19:24:36,19:28:11,20:36:19,19:26:23
210,0,0,None,0,4/8/2024,NaN:NaN,0,0,NaN:NaN,19:50:44
211,32.43488,-97.661457,Total,100,4/8/2024,17:21:20,18:39:15,18:41:55,20:00:48,18:40:35
212,33.82151,-95.46128,Total,100,4/8/2024,17:27:03,18:44:22,18:48:13,20:05:47,18:46:17
213,0,0,None,0,4/8/2024,NaN:NaN,0,0,NaN:NaN,19:50:44
214,41.84705,-80.974917,Total,100,4/8/2024,18:00:43,19:14:51,19:18:40,20:29:45,19:16:46
215,0,0,None,0,4/8/2024,NaN:NaN,0,0,NaN:NaN,19:50:44
216,0,0,None,0,4/8/2024,NaN:NaN,0,0,NaN:NaN,19:50:44
217,31.91251,-100.93769,Partial,95.31,4/8/2024,17:15:55,0,0,19:54:42,18:34:25
218,0,0,None,0,4/8/2024,NaN:NaN,0,0,NaN:NaN,19:50:44
219,0,0,None,0,4/8/2024,NaN:NaN,0,0,NaN:NaN,19:50:44
220,0,0,None,0,4/8/2024,NaN:NaN,0,0,NaN:NaN,19:50:44
221,0,0,None,0,4/8/2024,NaN:NaN,0,0,NaN:NaN,19:50:44
222,0,0,None,0,4/8/2024,NaN:NaN,0,0,NaN:NaN,19:50:44
223,0,0,None,0,4/8/2024,NaN:NaN,0,0,NaN:NaN,19:50:44
224,0,0,None,0,4/8/2024,NaN:NaN,0,0,NaN:NaN,19:50:44
225,0,0,None,0,4/8/2024,NaN:NaN,0,0,NaN:NaN,19:50:44
226,0,0,None,0,4/8/2024,NaN:NaN,0,0,NaN:NaN,19:50:44
227,0,0,None,0,4/8/2024,NaN:NaN,0,0,NaN:NaN,19:50:44
228,0,0,None,0,4/8/2024,NaN:NaN,0,0,NaN:NaN,19:50:44
229,0,0,None,0,4/8/2024,NaN:NaN,0,0,NaN:NaN,19:50:44
230,40.173,-83.086,Total,100,4/8/2024,17:55:37,19:11:40,19:13:39,20:26:56,19:12:40
231,41.1523219,-82.8789084,Total,100,4/8/2024,17:57:06,19:11:44,19:15:38,20:27:29,19:13:41
232,34.53593,-93.02804,Total,100,4/8/2024,17:31:56,18:49:25,18:53:05,20:10:10,18:51:15
233,41.5200846,-83.6795536,Total,100,4/8/2024,17:56:23,19:11:43,19:13:56,20:26:39,19:12:50
234,41.685,-83.497222,Total,100,4/8/2024,17:56:51,19:12:22,19:14:02,20:26:54,19:13:12
235,0,0,None,0,4/8/2024,NaN:NaN,0,0,NaN:NaN,19:50:44
236,34.863504,-92.4096875,Total,100,4/8/2024,17:33:27,18:51:02,18:54:22,20:11:23,18:52:42
237,35.8529,-90.82211,Total,100,4/8/2024,17:37:31,18:55:05,18:57:58,20:14:30,18:56:32
238,0,0,None,0,4/8/2024,NaN:NaN,0,0,NaN:NaN,19:50:44
239,33.26208,-93.87962,Partial,99.93,4/8/2024,17:28:26,0,0,20:07:37,18:48:04
240,34.866044,-92.412937,Total,100,4/8/2024,17:33:27,18:51:02,18:54:22,20:11:23,18:52:42
241,34.663912,-92.436355,Total,100,4/8/2024,17:33:04,18:51:04,18:53:43,20:11:09,18:52:23
242,35.1145,-92.429,Total,100,4/8/2024,17:33:50,18:51:02,18:54:58,20:11:35,18:53:00
242A,40.546783,-82.81052,Total,100,4/8/2024,17:56:29,19:11:47,19:14:53,20:27:23,19:13:21
243,35.83914,-94.04385,Partial,99.57,4/8/2024,17:32:42,0,0,20:09:48,18:51:23
244,35.332269,-92.7959,Total,100,4/8/2024,17:33:39,18:50:34,18:54:50,20:11:14,18:52:42
245,0,0,None,0,4/8/2024,NaN:NaN,0,0,NaN:NaN,19:50:44
246,34.589909,-93.982558,Total,100,4/8/2024,17:30:36,18:47:39,18:51:55,20:08:48,18:49:47
247,34.6367689,-92.5131982,Total,100,4/8/2024,17:32:54,18:50:51,18:53:37,20:11:01,18:52:14
248,0,0,None,0,4/8/2024,NaN:NaN,0,0,NaN:NaN,19:50:44
249,35.19956,-94.35374,Total,100,4/8/2024,17:31:08,18:49:10,18:50:54,20:08:47,18:50:02
250,34.4178785,-93.6197584,Total,100,4/8/2024,17:30:50,18:48:03,18:52:13,20:09:11,18:50:08
251,34.52081,-93.0603,Total,100,4/8/2024,17:31:52,18:49:20,18:53:01,20:10:07,18:51:11
252,0,0,None,0,4/8/2024,NaN:NaN,0,0,NaN:NaN,19:50:44
253,30.4474,-99.7997,Total,100,4/8/2024,17:14:31,18:32:14,18:35:23,19:54:51,18:33:48
254,0,0,None,0,4/8/2024,NaN:NaN,0,0,NaN:NaN,19:50:44
255,31.93494,-102.302368,Partial,91.91,4/8/2024,17:14:17,0,0,19:52:19,18:32:16
256,36.045383,-90.671101,Total,100,4/8/2024,17:38:04,18:55:24,18:58:37,20:14:52,18:57:00
257,0,0,None,0,4/8/2024,NaN:NaN,0,0,NaN:NaN,19:50:44
258,39.07237,-87.919589,Total,100,4/8/2024,17:46:52,19:02:59,19:06:15,20:20:33,19:04:37
259,40.7203129,-89.2733188,Partial,94.61,4/8/2024,17:47:25,0,0,20:19:27,19:04:13
260,0,0,None,0,4/8/2024,NaN:NaN,0,0,NaN:NaN,19:50:44
261,37.5856984,-88.9185514,Total,100,4/8/2024,17:43:09,18:59:32,19:03:33,20:18:23,19:01:33
262,0,0,None,0,4/8/2024,NaN:NaN,0,0,NaN:NaN,19:50:44
263,0,0,None,0,4/8/2024,NaN:NaN,0,0,NaN:NaN,19:50:44
264,40.5849,-86.66903,Partial,99.28,4/8/2024,17:50:51,0,0,20:22:47,19:07:51
265,40.127806,-85.114829,Total,100,4/8/2024,17:52:30,19:07:44,19:11:41,20:24:32,19:09:42
266,41.3122543,-81.3189806,Total,100,4/8/2024,17:59:37,19:14:19,19:17:35,20:29:16,19:15:58
267,41.578464,-81.415184,Total,100,4/8/2024,17:59:46,19:14:06,19:17:53,20:29:13,19:16:00
268,41.776645,-79.897045,Total,100,4/8/2024,18:02:14,19:16:49,19:19:32,20:30:52,19:18:11
269,0,0,None,0,4/8/2024,NaN:NaN,0,0,NaN:NaN,19:50:44
270,0,0,None,0,4/8/2024,NaN:NaN,0,0,NaN:NaN,19:50:44
271,40.0223813,-85.3023171,Total,100,4/8/2024,17:52:05,19:07:22,19:11:20,20:24:16,19:09:21
272,37.68269,-97.13662,Partial,87.99,4/8/2024,17:32:00,0,0,20:06:20,18:49:02
273,41.9648063,-79.9970364,Total,100,4/8/2024,18:02:17,19:16:27,19:19:51,20:30:48,19:18:09
274,0,0,None,0,4/8/2024,NaN:NaN,0,0,NaN:NaN,19:50:44
275,38.14525,-83.768303,Partial,95.75,4/8/2024,17:52:05,0,0,20:25:12,19:09:59
276,38.587155,-84.256807,Partial,97.96,4/8/2024,17:51:51,0,0,20:24:52,19:09:38
277,0,0,None,0,4/8/2024,NaN:NaN,0,0,NaN:NaN,19:50:44
278,30.032047,-89.9615039,Partial,81.7,4/8/2024,17:29:57,0,0,20:09:12,18:49:57
279,42.69088,-71.0049,Partial,93.75,4/8/2024,18:16:15,0,0,20:39:07,19:29:51
280,42.3936502,-71.1409151,Partial,92.78,4/8/2024,18:15:54,0,0,20:38:59,19:29:37
281,41.828606,-70.794038,Partial,90.22,4/8/2024,18:16:09,0,0,20:39:13,19:29:54
282,42.478016,-73.006385,Partial,95.25,4/8/2024,18:13:09,0,0,20:37:28,19:27:23
283,0,0,None,0,4/8/2024,NaN:NaN,0,0,NaN:NaN,19:50:44
284,42.12224,-71.40834,Partial,92.05,4/8/2024,18:15:22,0,0,20:38:45,19:29:14
285,0,0,None,0,4/8/2024,NaN:NaN,0,0,NaN:NaN,19:50:44
286,38.6665,-76.63624,Partial,85.91,4/8/2024,18:04:40,0,0,20:33:06,19:20:51
287,38.99321,-76.94187,Partial,87.59,4/8/2024,18:04:24,0,0,20:32:58,19:20:37
288,29.87778,-99.708056,Total,100,4/8/2024,17:13:32,18:30:49,18:35:10,19:54:15,18:32:59
289,37.557033,-90.668792,Total,100,4/8/2024,17:40:29,18:57:25,19:00:12,20:15:58,18:58:49
290,42.22264,-73.72216,Partial,95.18,4/8/2024,18:11:55,0,0,20:36:50,19:26:25
291,30.070062,-98.199154,Total,100,4/8/2024,17:16:04,18:34:21,18:37:19,19:57:00,18:35:50
292,44.46311,-71.68203,Total,100,4/8/2024,18:16:15,19:28:56,19:29:53,20:38:30,19:29:25
293,37.484,-89.353,Total,100,4/8/2024,17:42:20,18:58:42,19:02:50,20:17:44,19:00:46
294,32.20485,-97.65127,Total,100,4/8/2024,17:20:54,18:38:29,18:42:00,20:00:33,18:40:14
295,40.819831,-83.908416,Total,100,4/8/2024,17:55:11,19:10:04,19:13:55,20:26:12,19:11:59
296,43.074892,-70.950331,Partial,95.12,4/8/2024,18:16:32,0,0,20:39:10,19:30:00
297,33.078899,-94.850061,Total,100,4/8/2024,17:26:38,18:44:26,18:47:57,20:05:57,18:46:12
298,38.61381667,-90.49445,Partial,98.68,4/8/2024,17:42:26,0,0,20:16:51,19:00:16
299,0,0,None,0,4/8/2024,NaN:NaN,0,0,NaN:NaN,19:50:44
300A,42.29006,-83.75649,Partial,98.62,4/8/2024,17:57:14,0,0,20:26:43,19:13:16
300,30.671944,-96.316111,Partial,98.73,4/8/2024,17:20:02,0,0,20:00:49,18:40:00
301,42.37164,-83.46766,Partial,98.77,4/8/2024,17:57:44,0,0,20:27:04,19:13:43
302,42.8726,-84.59547,Partial,95.57,4/8/2024,17:56:49,0,0,20:25:49,19:12:31
303,42.32642,-85.56653,Partial,95.81,4/8/2024,17:54:47,0,0,20:24:35,19:10:48
304,42.3993782,-83.8097566,Partial,98.23,4/8/2024,17:57:18,0,0,20:26:41,19:13:16
305,31.429475,-97.7591801,Total,100,4/8/2024,17:19:17,18:36:37,18:41:01,19:59:28,18:38:49
306,44.88729,-93.4491,Partial,73.88,4/8/2024,17:49:14,0,0,20:14:22,19:02:12
307,44.8746893,-93.3726458,Partial,74.05,4/8/2024,17:49:18,0,0,20:14:28,19:02:18
308,0,0,None,0,4/8/2024,NaN:NaN,0,0,NaN:NaN,19:50:44
309,36.8070196,-90.5467794,Total,100,4/8/2024,17:39:28,18:56:02,19:00:13,20:15:38,18:58:07
310,38.55626,-90.46249,Partial,98.87,4/8/2024,17:42:23,0,0,20:16:52,19:00:15
311,0,0,None,0,4/8/2024,NaN:NaN,0,0,NaN:NaN,19:50:44
312,39.21961,-94.60044,Partial,88.85,4/8/2024,17:37:58,0,0,20:11:12,18:54:47
313,37.75965,-89.94976,Total,100,4/8/2024,17:41:52,18:58:22,19:01:56,20:17:06,19:00:09
314,37.86796,-89.97304,Total,100,4/8/2024,17:42:00,18:58:37,19:01:51,20:17:08,19:00:14
315,37.8636221,-93.3498893,Partial,95.51,4/8/2024,17:37:12,0,0,20:12:19,18:55:03
316,37.2836,-89.1652,Total,100,4/8/2024,17:42:19,18:58:55,19:02:44,20:17:51,19:00:50
317,38.104403,-90.326928,Partial,99.96,4/8/2024,17:41:51,0,0,20:16:47,18:59:57
318,0,0,None,0,4/8/2024,NaN:NaN,0,0,NaN:NaN,19:50:44
319,37.4758,-93.7394,Partial,95.86,4/8/2024,17:36:00,0,0,20:11:29,18:53:58
320,0,0,None,0,4/8/2024,NaN:NaN,0,0,NaN:NaN,19:50:44
321,0,0,None,0,4/8/2024,NaN:NaN,0,0,NaN:NaN,19:50:44
322,39.006026,-92.3167252,Partial,94.15,4/8/2024,17:40:33,0,0,20:14:29,18:57:57
323,38.879542,-92.302189,Partial,94.56,4/8/2024,17:40:22,0,0,20:14:26,18:57:50
324,0,0,None,0,4/8/2024,NaN:NaN,0,0,NaN:NaN,19:50:44
325,33.375983,-88.813215,Partial,89.9,4/8/2024,17:37:01,0,0,20:14:55,18:56:39
326,0,0,None,0,4/8/2024,NaN:NaN,0,0,NaN:NaN,19:50:44
327,35.2894316,-82.7642812,Partial,84.01,4/8/2024,17:50:29,0,0,20:24:18,19:08:49
328,0,0,None,0,4/8/2024,NaN:NaN,0,0,NaN:NaN,19:50:44
329,35.499,-82.608366,Partial,84.46,4/8/2024,17:51:00,0,0,20:24:40,19:09:17
330,44.2094645,-70.5637522,Partial,98.71,4/8/2024,18:17:39,0,0,20:39:24,19:30:38
331,44.7151375,-67.4658051,Partial,97.69,4/8/2024,18:22:07,0,0,20:41:34,19:34:03
332,46.86885,-68.007957,Total,100,4/8/2024,18:22:15,19:32:25,19:34:31,20:40:36,19:33:28
333,46.7426705,-67.9548206,Total,100,4/8/2024,18:22:15,19:32:11,19:34:51,20:40:41,19:33:31
334,43.9413872,-70.8661975,Partial,98.12,4/8/2024,18:17:06,0,0,20:39:12,19:30:15
335,46.328431,-67.8722138,Total,100,4/8/2024,18:22:11,19:31:56,19:35:18,20:40:53,19:33:37
336,44.41651281,-70.06339023,Partial,98.92,4/8/2024,18:18:27,0,0,20:39:45,19:31:13
337,46.6848,-67.87248,Total,100,4/8/2024,18:22:20,19:32:10,19:35:03,20:40:45,19:33:36
338,0,0,None,0,4/8/2024,NaN:NaN,0,0,NaN:NaN,19:50:44
339,46.1308,-67.82575,Total,100,4/8/2024,18:22:10,19:32:01,19:35:19,20:40:58,19:33:40
340,32.53325,-94.31442,Partial,99.23,4/8/2024,17:26:29,0,0,20:06:10,18:46:16
341,45.05632,-70.20339,Total,100,4/8/2024,18:18:35,19:30:00,19:32:16,20:39:33,19:31:08
342,42.70804316,-71.48468081,Partial,94.35,4/8/2024,18:15:33,0,0,20:38:44,19:29:17
343,31.88207,-91.14704,Partial,90.38,4/8/2024,17:30:38,0,0,20:10:01,18:50:38
344,42.755781,-72.273754,Partial,95.42,4/8/2024,18:14:25,0,0,20:38:06,19:28:21
345,40.0066347,-74.1605021,Partial,87.44,4/8/2024,18:09:48,0,0,20:35:58,19:24:59
346,0,0,None,0,4/8/2024,NaN:NaN,0,0,NaN:NaN,19:50:44
347,39.71116,-83.85999,Total,100,4/8/2024,17:53:52,19:10:32,19:11:50,20:25:52,19:11:11
348,0,0,None,0,4/8/2024,NaN:NaN,0,0,NaN:NaN,19:50:44
349,31.86939,-91.13199,Partial,90.31,4/8/2024,17:30:39,0,0,20:10:01,18:50:39
350,43.0413078,-78.4538938,Total,100,4/8/2024,18:05:36,19:18:52,19:22:36,20:32:30,19:20:44
351,0,0,None,0,4/8/2024,NaN:NaN,0,0,NaN:NaN,19:50:44
352,0,0,None,0,4/8/2024,NaN:NaN,0,0,NaN:NaN,19:50:44
353,39.72287,-83.88231,Total,100,4/8/2024,17:53:51,19:10:23,19:11:56,20:25:50,19:11:10
354,0,0,None,0,4/8/2024,NaN:NaN,0,0,NaN:NaN,19:50:44
355,0,0,None,0,4/8/2024,NaN:NaN,0,0,NaN:NaN,19:50:44
356,42.04103,-74.12232,Partial,95.01,4/8/2024,18:11:12,0,0,20:36:28,19:25:51
357,41.097168,-74.241079,Partial,91.67,4/8/2024,18:10:22,0,0,20:36:12,19:25:20
358,43.2925,-77.707778,Total,100,4/8/2024,18:06:54,19:19:57,19:23:40,20:33:14,19:21:48
359,35.2075,-106.630556,Partial,72.71,4/8/2024,17:16:43,0,0,19:47:34,18:30:58
360,41.05043,-74.01953,Partial,91.2,4/8/2024,18:10:42,0,0,20:36:23,19:25:37
361,44.25295,-75.60812,Total,100,4/8/2024,18:10:40,19:22:59,19:26:31,20:35:11,19:24:45
362,44.289657,-76.031964,Total,100,4/8/2024,18:10:07,19:22:37,19:25:53,20:34:47,19:24:15
363,43.246351,-78.709993,Total,100,4/8/2024,18:05:26,19:18:46,19:22:14,20:32:15,19:20:30
364,42.54449,-74.61616,Partial,97.39,4/8/2024,18:10:48,0,0,20:36:05,19:25:25
365,44.236215,-73.92383,Total,100,4/8/2024,18:13:00,19:25:08,19:28:23,20:36:40,19:26:46
366,42.994757,-77.648302,Total,100,4/8/2024,18:06:43,19:20:00,19:23:30,20:33:17,19:21:45
367,42.85830313,-73.79308336,Partial,97.51,4/8/2024,18:12:14,0,0,20:36:49,19:26:32
368,42.8751215,-78.7845108,Total,100,4/8/2024,18:04:58,19:18:21,19:22:07,20:32:09,19:20:14
369,43.52766,-75.26193,Total,100,4/8/2024,18:10:35,19:23:41,19:26:12,20:35:32,19:24:57
370,42.97896,-77.90236,Total,100,4/8/2024,18:06:20,19:19:37,19:23:13,20:33:02,19:21:25
371,42.206865,-78.135582,Partial,99.99,4/8/2024,18:05:17,0,0,20:32:44,19:20:45
372,43.322681,-76.578531,Total,100,4/8/2024,18:08:32,19:21:34,19:24:54,20:34:19,19:23:15
373,43.009303,-76.1806,Total,100,4/8/2024,18:08:51,19:23:01,19:24:13,20:34:41,19:23:37
374,43.0703493,-76.2783632,Total,100,4/8/2024,18:08:46,19:22:31,19:24:32,20:34:36,19:23:31
375,40.7831545,-84.0028968,Total,100,4/8/2024,17:54:59,19:09:54,19:13:45,20:26:05,19:11:50
376,40.877923,-81.3836563,Total,100,4/8/2024,17:59:02,19:15:05,19:16:05,20:29:05,19:15:35
377,39.807606,-83.88765,Total,100,4/8/2024,17:53:57,19:10:07,19:12:19,20:25:52,19:11:13
378,40.7267496,-84.1969452,Total,100,4/8/2024,17:54:38,19:09:36,19:13:25,20:25:50,19:11:30
379,40.3824626,-82.2925037,Partial,99.97,4/8/2024,17:57:05,0,0,20:27:55,19:13:57
380,40.9198853,-83.9845502,Total,100,4/8/2024,17:55:11,19:10:07,19:13:48,20:26:09,19:11:57
381,40.6083288,-82.5102391,Total,100,4/8/2024,17:57:01,19:12:25,19:15:13,20:27:45,19:13:49
382,40.05753,-82.87494,Partial,99.91,4/8/2024,17:55:49,0,0,20:27:08,19:12:53
383,40.7325,-84.183611,Total,100,4/8/2024,17:54:40,19:09:37,19:13:26,20:25:51,19:11:32
384,40.160117,-82.923983,Total,100,4/8/2024,17:55:51,19:12:20,19:13:27,20:27:07,19:12:53
385,41.06517,-83.7622,Total,100,4/8/2024,17:55:42,19:10:34,19:14:11,20:26:27,19:12:23
386,41.55179,-84.36058,Partial,99.74,4/8/2024,17:55:27,0,0,20:25:52,19:11:54
387,39.0961846,-84.2605954,Partial,99.38,4/8/2024,17:52:29,0,0,20:25:07,19:10:05
388,0,0,None,0,4/8/2024,NaN:NaN,0,0,NaN:NaN,19:50:44
389,0,0,None,0,4/8/2024,NaN:NaN,0,0,NaN:NaN,19:50:44
390,39.2605873,-84.7510839,Total,100,4/8/2024,17:51:55,19:08:47,19:10:12,20:24:36,19:09:30
391,41.3810753,-83.6755355,Total,100,4/8/2024,17:56:13,19:11:18,19:14:10,20:26:38,19:12:44
392,39.689652,-84.131414,Total,100,4/8/2024,17:53:25,19:09:39,19:11:54,20:25:32,19:10:46
393,41.1527975,-81.362147,Total,100,4/8/2024,17:59:22,19:14:23,19:17:12,20:29:10,19:15:48
394,41.56039,-81.41947,Total,100,4/8/2024,17:59:44,19:14:06,19:17:52,20:29:12,19:15:59
395,40.7661489,-81.7328776,Total,100,4/8/2024,17:58:23,19:14:14,19:15:48,20:28:40,19:15:01
396,41.228232,-81.208939,Total,100,4/8/2024,17:59:41,19:14:38,19:17:29,20:29:22,19:16:03
397,41.42148,-81.15892,Total,100,4/8/2024,17:59:58,19:14:34,19:17:55,20:29:28,19:16:15
398,40.6687512,-83.94759362,Total,100,4/8/2024,17:54:56,19:09:51,19:13:47,20:26:07,19:11:49
399,39.7174127,-84.1697339,Total,100,4/8/2024,17:53:24,19:09:29,19:11:59,20:25:30,19:10:44
400,41.61781,-83.57734,Total,100,4/8/2024,17:56:39,19:12:05,19:13:59,20:26:48,19:13:03
401,41.202502,-80.76714,Total,100,4/8/2024,18:00:20,19:15:52,19:17:26,20:29:50,19:16:39
402,0,0,None,0,4/8/2024,NaN:NaN,0,0,NaN:NaN,19:50:44
403,0,0,None,0,4/8/2024,NaN:NaN,0,0,NaN:NaN,19:50:44
404,39.88126,-84.03071,Total,100,4/8/2024,17:53:49,19:09:37,19:12:32,20:25:44,19:11:04
405,41.152946,-81.513274,Total,100,4/8/2024,17:59:09,19:14:03,19:17:07,20:29:00,19:15:35
406,0,0,None,0,4/8/2024,NaN:NaN,0,0,NaN:NaN,19:50:44
407,40.74097,-84.01915,Total,100,4/8/2024,17:54:55,19:09:50,19:13:42,20:26:03,19:11:46
408,40.90814,-83.90913,Total,100,4/8/2024,17:55:17,19:10:11,19:13:56,20:26:14,19:12:03
409,0,0,None,0,4/8/2024,NaN:NaN,0,0,NaN:NaN,19:50:44
410,40.010056,-82.930837,Partial,99.88,4/8/2024,17:55:40,0,0,20:27:03,19:12:46
411,41.563077,-83.604855,Total,100,4/8/2024,17:56:33,19:11:52,19:14:03,20:26:45,19:12:58
412,40.805173,-81.752203,Total,100,4/8/2024,17:58:24,19:14:02,19:16:00,20:28:39,19:15:01
413,40.6391,-84.10294,Total,100,4/8/2024,17:54:40,19:09:37,19:13:32,20:25:55,19:11:34
414,41.1929515,-81.3600868,Total,100,4/8/2024,17:59:25,19:14:20,19:17:18,20:29:11,19:15:49
415,0,0,None,0,4/8/2024,NaN:NaN,0,0,NaN:NaN,19:50:44
416,44.50552,-72.86493,Total,100,4/8/2024,18:14:39,19:26:31,19:29:36,20:37:32,19:28:04
417,40.0834973,-77.4007215,Partial,92.3,4/8/2024,18:04:32,0,0,20:32:57,19:20:37
418,42.139118,-80.087658,Total,100,4/8/2024,18:02:20,19:16:16,19:19:59,20:30:44,19:18:08
419,40.7512005,-79.8129517,Partial,98.09,4/8/2024,18:01:19,0,0,20:30:43,19:17:41
420,41.73439,-71.33959,Partial,90.49,4/8/2024,18:15:16,0,0,20:38:46,19:29:13
421,0,0,None,0,4/8/2024,NaN:NaN,0,0,NaN:NaN,19:50:44
422,0,0,None,0,4/8/2024,NaN:NaN,0,0,NaN:NaN,19:50:44
423,35.83925,-86.36494,Partial,92.9,4/8/2024,17:44:46,0,0,20:20:26,19:03:38
424,36.00679,-86.30315,Partial,93.33,4/8/2024,17:45:06,0,0,20:20:38,19:03:55
425,36.61725,-87.26964,Partial,97.12,4/8/2024,17:44:20,0,0,20:19:53,19:03:03
426,31.69629,-97.14195,Total,100,4/8/2024,17:20:41,18:38:06,18:42:26,20:00:47,18:40:16
427,0,0,None,0,4/8/2024,NaN:NaN,0,0,NaN:NaN,19:50:44
428,32.0023797,-97.0904142,Total,100,4/8/2024,17:21:20,18:38:39,18:43:02,20:01:14,18:40:50
429,97.10641,-33.25126,None,0,4/8/2024,NaN:NaN,0,0,NaN:NaN,17:36:23
430,32.6933,-97.43444,Total,100,4/8/2024,17:22:08,18:40:12,18:42:31,20:01:28,18:41:22
431,32.29904,-96.94812,Total,100,4/8/2024,17:22:06,18:39:24,18:43:42,20:01:48,18:41:33
432,33.087019,-96.7783653,Total,100,4/8/2024,17:23:48,18:41:33,18:44:33,20:02:57,18:43:03
433,30.04582,-95.58545,Partial,95.42,4/8/2024,17:20:04,0,0,20:01:07,18:40:12
434,30.100833,-98.246111,Total,100,4/8/2024,17:16:03,18:34:11,18:37:25,19:56:58,18:35:48
435,30.465684,-97.639366,Total,100,4/8/2024,17:17:39,18:36:11,18:38:41,19:58:26,18:37:26
436,30.8480144,-98.220006,Total,100,4/8/2024,17:17:31,18:34:54,18:39:17,19:57:59,18:37:06
437,29.4637,-98.4715,Partial,99.98,4/8/2024,17:14:31,0,0,19:55:44,18:34:20
438,30.72079,-101.20704,Partial,97.71,4/8/2024,17:13:10,0,0,19:52:47,18:31:58
439,32.6841,-95.5414,Total,100,4/8/2024,17:24:52,18:42:31,18:46:24,20:04:27,18:44:27
440,33.564213,-96.902179,Partial,99.71,4/8/2024,17:24:32,0,0,20:03:15,18:43:34
441,33.8163314,-95.6360293,Total,100,4/8/2024,17:26:48,18:44:13,18:47:47,20:05:30,18:46:00
442,32.7375409,-97.3658345,Total,100,4/8/2024,17:22:19,18:40:21,18:42:44,20:01:37,18:41:33
443,33.25035,-97.0949,Partial,99.93,4/8/2024,17:23:40,0,0,20:02:37,18:42:47
444,0,0,None,0,4/8/2024,NaN:NaN,0,0,NaN:NaN,19:50:44
445,31.3897866,-97.258821,Total,100,4/8/2024,17:19:56,18:37:31,18:41:39,20:00:13,18:39:35
446,29.395568,-98.06516,Partial,99.3,4/8/2024,17:15:00,0,0,19:56:18,18:34:54
447,30.555,-100.595,Partial,99.35,4/8/2024,17:13:39,0,0,19:53:38,18:32:41
448,30.577333,-97.40484,Total,100,4/8/2024,17:18:12,18:37:03,18:38:58,19:58:58,18:38:00
449,29.63571,-95.66162,Partial,94.44,4/8/2024,17:19:12,0,0,20:00:26,18:39:24
450,0,0,None,0,4/8/2024,NaN:NaN,0,0,NaN:NaN,19:50:44
451,29.8648113,-98.1906737,Total,100,4/8/2024,17:15:41,18:34:36,18:36:23,19:56:45,18:35:30
452,29.7784107,-98.2539232,Total,100,4/8/2024,17:15:26,18:34:29,18:36:00,19:56:31,18:35:15
453,30.216383,-98.937346,Total,100,4/8/2024,17:15:16,18:32:38,18:37:03,19:55:59,18:34:51
454,32.7355967,-97.3630681,Total,100,4/8/2024,17:22:19,18:40:20,18:42:45,20:01:37,18:41:33
455,33.71871,-96.77973,Partial,99.61,4/8/2024,17:24:59,0,0,20:03:36,18:44:00
456,0,0,None,0,4/8/2024,NaN:NaN,0,0,NaN:NaN,19:50:44
457,33.11466,-94.3144,Total,100,4/8/2024,17:27:30,18:46:14,18:48:01,20:06:48,18:47:08
458,0,0,None,0,4/8/2024,NaN:NaN,0,0,NaN:NaN,19:50:44
459,30.15064,-99.34832,Total,100,4/8/2024,17:14:34,18:31:52,18:36:14,19:55:13,18:34:03
460,31.57084,-97.12038,Total,100,4/8/2024,17:20:29,18:38:00,18:42:12,20:00:40,18:40:06
461,38.97196,-77.54668,Partial,88.43,4/8/2024,18:03:22,0,0,20:32:22,19:19:45
462,37.60588,-78.06375,Partial,84.18,4/8/2024,18:01:19,0,0,20:31:06,19:18:05
463,37.2252,-76.5171,Partial,80.32,4/8/2024,18:03:48,0,0,20:32:24,19:20:06
464,0,0,None,0,4/8/2024,NaN:NaN,0,0,NaN:NaN,19:50:44
465,38.8849078,-77.1059869,Partial,87.43,4/8/2024,18:04:02,0,0,20:32:45,19:20:19
466,44.5110415,-73.047787,Total,100,4/8/2024,18:14:24,19:26:14,19:29:28,20:37:23,19:27:51
467,30.7472494,-100.84213,Partial,98.45,4/8/2024,17:13:42,0,0,19:53:27,18:32:36
468,42.93360547,-88.41675647,Partial,89,4/8/2024,17:51:54,0,0,20:21:06,19:07:22
469,38.69497,-79.53286,Partial,90.54,4/8/2024,17:59:45,0,0,20:30:12,19:16:42
470,33.71852,-96.78019,Partial,99.61,4/8/2024,17:24:59,0,0,20:03:36,18:44:00
471,0,0,None,0,4/8/2024,NaN:NaN,0,0,NaN:NaN,19:50:44
472,43.8729202,-70.457002,Partial,97.49,4/8/2024,18:17:38,0,0,20:39:31,19:30:42
473,42.77166,-78.64419,Total,100,4/8/2024,18:05:04,19:18:31,19:22:13,20:32:17,19:20:22
474,30.72998,-97.90873,Total,100,4/8/2024,17:17:45,18:35:25,18:39:25,19:58:21,18:37:25
475,43.034048,-76.133436,Total,100,4/8/2024,18:08:56,19:23:03,19:24:20,20:34:44,19:23:41
476,29.7219827,-98.127101,Partial,99.93,4/8/2024,17:15:31,0,0,19:56:39,18:35:22
477,41.0243581,-81.4439091,Total,100,4/8/2024,17:59:06,19:14:23,19:16:48,20:29:03,19:15:36
478,31.0345531,-98.4651556,Total,100,4/8/2024,17:17:31,18:34:51,18:39:09,19:57:49,18:37:00
479,37.23672,-88.94087,Total,100,4/8/2024,17:42:35,18:59:25,19:02:49,20:18:07,19:01:07
480,29.78141,-98.2364,Total,100,4/8/2024,17:15:28,18:34:34,18:35:59,19:56:33,18:35:17
481,38.4420257,-90.4013802,Partial,99.25,4/8/2024,17:42:17,0,0,20:16:53,19:00:13
482,40.776111,-81.919167,Total,100,4/8/2024,17:58:07,19:13:38,19:15:54,20:28:27,19:14:46
483,42.3043825,-71.1182554,Partial,92.41,4/8/2024,18:15:54,0,0,20:39:00,19:29:38
484,37.72394,-89.35226,Total,100,4/8/2024,17:42:42,18:58:58,19:03:05,20:17:53,19:01:02
485,33.03493,-96.79528,Total,100,4/8/2024,17:23:41,18:41:22,18:44:30,20:02:52,18:42:56
486,40.8432511,-84.3402449,Total,100,4/8/2024,17:54:34,19:09:38,19:13:09,20:25:42,19:11:24
487,40.748713,-84.136104,Total,100,4/8/2024,17:54:45,19:09:42,19:13:31,20:25:55,19:11:37
488,31.05,-97.44,Total,100,4/8/2024,17:19:02,18:36:48,18:40:39,19:59:31,18:38:44
489,40.56368,-84.18626,Total,100,4/8/2024,17:54:27,19:09:25,19:13:22,20:25:48,19:11:24
490,32.6856,-97.0323,Total,100,4/8/2024,17:22:42,18:40:13,18:43:48,20:02:06,18:42:01
491,31.5757132,-97.65713,Total,100,4/8/2024,17:19:43,18:37:02,18:41:25,19:59:48,18:39:13
492,44.468408,-73.1069688,Total,100,4/8/2024,18:14:17,19:26:11,19:29:22,20:37:20,19:27:47
493,42.847132,-78.701304,Total,100,4/8/2024,18:05:03,19:18:27,19:22:12,20:32:14,19:20:20
494,39.47589,-88.18895,Partial,99.84,4/8/2024,17:47:04,0,0,20:20:23,19:04:36
496,44.7458793,-72.9912134,Total,100,4/8/2024,18:14:38,19:26:13,19:29:43,20:37:23,19:27:58
,0,0,None,0,4/8/2024,NaN:NaN,0,0,NaN:NaN,19:50:44
497,0,0,None,0,4/8/2024,NaN:NaN,0,0,NaN:NaN,19:50:44
498,0,0,None,0,4/8/2024,NaN:NaN,0,0,NaN:NaN,19:50:44
499,39.749783,-84.538523,Total,100,4/8/2024,17:52:53,19:08:34,19:11:53,20:25:05,19:10:14
500,0,0,None,0,4/8/2024,NaN:NaN,0,0,NaN:NaN,19:50:44
501,33.544351,-95.085369,Total,100,4/8/2024,17:27:06,18:44:20,18:48:40,20:06:05,18:46:30
502,38.67891,-87.53814,Total,100,4/8/2024,17:46:52,19:02:45,19:06:50,20:20:51,19:04:48
503,36.96974,-90.97989,Total,100,4/8/2024,17:39:05,18:55:42,18:59:34,20:15:08,18:57:38
504,36.089254,-92.54893,Total,100,4/8/2024,17:35:18,18:52:19,18:55:51,20:12:14,18:54:05
505,39.7125,-84.152222,Total,100,4/8/2024,17:53:25,19:09:32,19:11:58,20:25:31,19:10:46
506,46.04967333,-68.57086,Total,100,4/8/2024,18:21:11,19:31:13,19:34:36,20:40:29,19:32:55
507,0,0,None,0,4/8/2024,NaN:NaN,0,0,NaN:NaN,19:50:44
508,0,0,None,0,4/8/2024,NaN:NaN,0,0,NaN:NaN,19:50:44
509,41.6658722,-81.3504124,Total,100,4/8/2024,17:59:58,19:14:14,19:18:03,20:29:18,19:16:09
510A,37.20727271,-88.635223,Total,100,4/8/2024,17:43:01,19:00:16,19:02:52,20:18:31,19:01:34
510,37.507291,-88.635188,Total,100,4/8/2024,17:43:28,19:00:06,19:03:42,20:18:43,19:01:54
511,0,0,None,0,4/8/2024,NaN:NaN,0,0,NaN:NaN,19:50:44
512,40.6439726,-83.9702082,Total,100,4/8/2024,17:54:52,19:09:48,19:13:44,20:26:05,19:11:46
513,0,0,None,0,4/8/2024,NaN:NaN,0,0,NaN:NaN,19:50:44
514,0,0,None,0,4/8/2024,NaN:NaN,0,0,NaN:NaN,19:50:44
515,29.344468,-99.986807,Total,100,4/8/2024,17:12:06,18:29:23,18:33:49,19:53:03,18:31:36
516,29.34487,-99.983234,Total,100,4/8/2024,17:12:06,18:29:23,18:33:49,19:53:04,18:31:36
517,29.345988,-99.97628,Total,100,4/8/2024,17:12:07,18:29:24,18:33:50,19:53:05,18:31:37
518,29.35396,-99.968933,Total,100,4/8/2024,17:12:08,18:29:25,18:33:52,19:53:06,18:31:38
519,34.51015,-93.10025,Total,100,4/8/2024,17:31:47,18:49:14,18:52:58,20:10:02,18:51:06
520,0,0,None,0,4/8/2024,NaN:NaN,0,0,NaN:NaN,19:50:44
521,0,0,None,0,4/8/2024,NaN:NaN,0,0,NaN:NaN,19:50:44
522,0,0,None,0,4/8/2024,NaN:NaN,0,0,NaN:NaN,19:50:44
523,29.56687,-98.43552,Total,100,4/8/2024,17:14:46,18:34:06,18:35:03,19:55:56,18:34:35
524,38.9143312,-95.22715,Partial,88.46,4/8/2024,17:36:38,0,0,20:10:05,18:53:29
525,32.8719794,-96.7169145,Total,100,4/8/2024,17:23:30,18:40:56,18:44:42,20:02:49,18:42:49
526,40.546783,-82.81052,Total,100,4/8/2024,17:56:29,19:11:47,19:14:53,20:27:23,19:13:21
527,40.05374,-86.08632,Total,100,4/8/2024,17:50:57,19:06:35,19:09:53,20:23:19,19:08:14
528,76.988056,-42.849722,Partial,15.28,4/8/2024,18:44:21,0,0,20:00:44,19:22:46
529,31.0334071,-97.9066345,Total,100,4/8/2024,17:18:19,18:35:45,18:40:06,19:58:44,18:37:55
530,37.2829,-89.165,Total,100,4/8/2024,17:42:19,18:58:55,19:02:44,20:17:51,19:00:50
531,0,0,None,0,4/8/2024,NaN:NaN,0,0,NaN:NaN,19:50:44
532,0,0,None,0,4/8/2024,NaN:NaN,0,0,NaN:NaN,19:50:44
533,0,0,None,0,4/8/2024,NaN:NaN,0,0,NaN:NaN,19:50:44
534,0,0,None,0,4/8/2024,NaN:NaN,0,0,NaN:NaN,19:50:44
535,0,0,None,0,4/8/2024,NaN:NaN,0,0,NaN:NaN,19:50:44
536,0,0,None,0,4/8/2024,NaN:NaN,0,0,NaN:NaN,19:50:44
537,0,0,None,0,4/8/2024,NaN:NaN,0,0,NaN:NaN,19:50:44
538,0,0,None,0,4/8/2024,NaN:NaN,0,0,NaN:NaN,19:50:44
539,0,0,None,0,4/8/2024,NaN:NaN,0,0,NaN:NaN,19:50:44
540,0,0,None,0,4/8/2024,NaN:NaN,0,0,NaN:NaN,19:50:44
541,0,0,None,0,4/8/2024,NaN:NaN,0,0,NaN:NaN,19:50:44
542,0,0,None,0,4/8/2024,NaN:NaN,0,0,NaN:NaN,19:50:44
543,0,0,None,0,4/8/2024,NaN:NaN,0,0,NaN:NaN,19:50:44
544,0,0,None,0,4/8/2024,NaN:NaN,0,0,NaN:NaN,19:50:44
545,0,0,None,0,4/8/2024,NaN:NaN,0,0,NaN:NaN,19:50:44
546,0,0,None,0,4/8/2024,NaN:NaN,0,0,NaN:NaN,19:50:44
547,0,0,None,0,4/8/2024,NaN:NaN,0,0,NaN:NaN,19:50:44
548,0,0,None,0,4/8/2024,NaN:NaN,0,0,NaN:NaN,19:50:44
549,0,0,None,0,4/8/2024,NaN:NaN,0,0,NaN:NaN,19:50:44
550,0,0,None,0,4/8/2024,NaN:NaN,0,0,NaN:NaN,19:50:44
551,0,0,None,0,4/8/2024,NaN:NaN,0,0,NaN:NaN,19:50:44
552,0,0,None,0,4/8/2024,NaN:NaN,0,0,NaN:NaN,19:50:44
553,0,0,None,0,4/8/2024,NaN:NaN,0,0,NaN:NaN,19:50:44
554,0,0,None,0,4/8/2024,NaN:NaN,0,0,NaN:NaN,19:50:44
555,0,0,None,0,4/8/2024,NaN:NaN,0,0,NaN:NaN,19:50:44
556,0,0,None,0,4/8/2024,NaN:NaN,0,0,NaN:NaN,19:50:44
557,0,0,None,0,4/8/2024,NaN:NaN,0,0,NaN:NaN,19:50:44
558,0,0,None,0,4/8/2024,NaN:NaN,0,0,NaN:NaN,19:50:44
559,0,0,None,0,4/8/2024,NaN:NaN,0,0,NaN:NaN,19:50:44
560,0,0,None,0,4/8/2024,NaN:NaN,0,0,NaN:NaN,19:50:44
561,0,0,None,0,4/8/2024,NaN:NaN,0,0,NaN:NaN,19:50:44
562,0,0,None,0,4/8/2024,NaN:NaN,0,0,NaN:NaN,19:50:44
563,0,0,None,0,4/8/2024,NaN:NaN,0,0,NaN:NaN,19:50:44
564,0,0,None,0,4/8/2024,NaN:NaN,0,0,NaN:NaN,19:50:44
565,0,0,None,0,4/8/2024,NaN:NaN,0,0,NaN:NaN,19:50:44
566,0,0,None,0,4/8/2024,NaN:NaN,0,0,NaN:NaN,19:50:44
567,0,0,None,0,4/8/2024,NaN:NaN,0,0,NaN:NaN,19:50:44
568,0,0,None,0,4/8/2024,NaN:NaN,0,0,NaN:NaN,19:50:44
569,0,0,None,0,4/8/2024,NaN:NaN,0,0,NaN:NaN,19:50:44
570,0,0,None,0,4/8/2024,NaN:NaN,0,0,NaN:NaN,19:50:44
571,0,0,None,0,4/8/2024,NaN:NaN,0,0,NaN:NaN,19:50:44
572,0,0,None,0,4/8/2024,NaN:NaN,0,0,NaN:NaN,19:50:44
573,0,0,None,0,4/8/2024,NaN:NaN,0,0,NaN:NaN,19:50:44
574,0,0,None,0,4/8/2024,NaN:NaN,0,0,NaN:NaN,19:50:44
575,0,0,None,0,4/8/2024,NaN:NaN,0,0,NaN:NaN,19:50:44
576,0,0,None,0,4/8/2024,NaN:NaN,0,0,NaN:NaN,19:50:44
577,0,0,None,0,4/8/2024,NaN:NaN,0,0,NaN:NaN,19:50:44
578,0,0,None,0,4/8/2024,NaN:NaN,0,0,NaN:NaN,19:50:44
579,0,0,None,0,4/8/2024,NaN:NaN,0,0,NaN:NaN,19:50:44
580,0,0,None,0,4/8/2024,NaN:NaN,0,0,NaN:NaN,19:50:44
581,0,0,None,0,4/8/2024,NaN:NaN,0,0,NaN:NaN,19:50:44
582,0,0,None,0,4/8/2024,NaN:NaN,0,0,NaN:NaN,19:50:44
583,0,0,None,0,4/8/2024,NaN:NaN,0,0,NaN:NaN,19:50:44
584,0,0,None,0,4/8/2024,NaN:NaN,0,0,NaN:NaN,19:50:44
585,0,0,None,0,4/8/2024,NaN:NaN,0,0,NaN:NaN,19:50:44
586,0,0,None,0,4/8/2024,NaN:NaN,0,0,NaN:NaN,19:50:44
587,0,0,None,0,4/8/2024,NaN:NaN,0,0,NaN:NaN,19:50:44
588,0,0,None,0,4/8/2024,NaN:NaN,0,0,NaN:NaN,19:50:44
589,0,0,None,0,4/8/2024,NaN:NaN,0,0,NaN:NaN,19:50:44
590,0,0,None,0,4/8/2024,NaN:NaN,0,0,NaN:NaN,19:50:44
591,0,0,None,0,4/8/2024,NaN:NaN,0,0,NaN:NaN,19:50:44
592,0,0,None,0,4/8/2024,NaN:NaN,0,0,NaN:NaN,19:50:44
593,0,0,None,0,4/8/2024,NaN:NaN,0,0,NaN:NaN,19:50:44
594,0,0,None,0,4/8/2024,NaN:NaN,0,0,NaN:NaN,19:50:44
595,0,0,None,0,4/8/2024,NaN:NaN,0,0,NaN:NaN,19:50:44
596,0,0,None,0,4/8/2024,NaN:NaN,0,0,NaN:NaN,19:50:44
597,0,0,None,0,4/8/2024,NaN:NaN,0,0,NaN:NaN,19:50:44
598,0,0,None,0,4/8/2024,NaN:NaN,0,0,NaN:NaN,19:50:44
599,0,0,None,0,4/8/2024,NaN:NaN,0,0,NaN:NaN,19:50:44
600,0,0,None,0,4/8/2024,NaN:NaN,0,0,NaN:NaN,19:50:44
601,0,0,None,0,4/8/2024,NaN:NaN,0,0,NaN:NaN,19:50:44
602,0,0,None,0,4/8/2024,NaN:NaN,0,0,NaN:NaN,19:50:44
603,0,0,None,0,4/8/2024,NaN:NaN,0,0,NaN:NaN,19:50:44
604,0,0,None,0,4/8/2024,NaN:NaN,0,0,NaN:NaN,19:50:44
605,0,0,None,0,4/8/2024,NaN:NaN,0,0,NaN:NaN,19:50:44
606,0,0,None,0,4/8/2024,NaN:NaN,0,0,NaN:NaN,19:50:44
607,0,0,None,0,4/8/2024,NaN:NaN,0,0,NaN:NaN,19:50:44
608,0,0,None,0,4/8/2024,NaN:NaN,0,0,NaN:NaN,19:50:44
609,0,0,None,0,4/8/2024,NaN:NaN,0,0,NaN:NaN,19:50:44
610,0,0,None,0,4/8/2024,NaN:NaN,0,0,NaN:NaN,19:50:44
611,0,0,None,0,4/8/2024,NaN:NaN,0,0,NaN:NaN,19:50:44
612,0,0,None,0,4/8/2024,NaN:NaN,0,0,NaN:NaN,19:50:44
613,0,0,None,0,4/8/2024,NaN:NaN,0,0,NaN:NaN,19:50:44
614,0,0,None,0,4/8/2024,NaN:NaN,0,0,NaN:NaN,19:50:44
615,0,0,None,0,4/8/2024,NaN:NaN,0,0,NaN:NaN,19:50:44
616,0,0,None,0,4/8/2024,NaN:NaN,0,0,NaN:NaN,19:50:44
617,0,0,None,0,4/8/2024,NaN:NaN,0,0,NaN:NaN,19:50:44
618,0,0,None,0,4/8/2024,NaN:NaN,0,0,NaN:NaN,19:50:44
619,0,0,None,0,4/8/2024,NaN:NaN,0,0,NaN:NaN,19:50:44
620,0,0,None,0,4/8/2024,NaN:NaN,0,0,NaN:NaN,19:50:44
621,0,0,None,0,4/8/2024,NaN:NaN,0,0,NaN:NaN,19:50:44
622,0,0,None,0,4/8/2024,NaN:NaN,0,0,NaN:NaN,19:50:44
623,0,0,None,0,4/8/2024,NaN:NaN,0,0,NaN:NaN,19:50:44
624,0,0,None,0,4/8/2024,NaN:NaN,0,0,NaN:NaN,19:50:44
625,0,0,None,0,4/8/2024,NaN:NaN,0,0,NaN:NaN,19:50:44
626,0,0,None,0,4/8/2024,NaN:NaN,0,0,NaN:NaN,19:50:44
627,0,0,None,0,4/8/2024,NaN:NaN,0,0,NaN:NaN,19:50:44
628,0,0,None,0,4/8/2024,NaN:NaN,0,0,NaN:NaN,19:50:44
629,0,0,None,0,4/8/2024,NaN:NaN,0,0,NaN:NaN,19:50:44
630,0,0,None,0,4/8/2024,NaN:NaN,0,0,NaN:NaN,19:50:44
631,0,0,None,0,4/8/2024,NaN:NaN,0,0,NaN:NaN,19:50:44
632,0,0,None,0,4/8/2024,NaN:NaN,0,0,NaN:NaN,19:50:44
633,0,0,None,0,4/8/2024,NaN:NaN,0,0,NaN:NaN,19:50:44
634,0,0,None,0,4/8/2024,NaN:NaN,0,0,NaN:NaN,19:50:44
635,0,0,None,0,4/8/2024,NaN:NaN,0,0,NaN:NaN,19:50:44
636,0,0,None,0,4/8/2024,NaN:NaN,0,0,NaN:NaN,19:50:44
637,0,0,None,0,4/8/2024,NaN:NaN,0,0,NaN:NaN,19:50:44
638,0,0,None,0,4/8/2024,NaN:NaN,0,0,NaN:NaN,19:50:44
639,0,0,None,0,4/8/2024,NaN:NaN,0,0,NaN:NaN,19:50:44
640,0,0,None,0,4/8/2024,NaN:NaN,0,0,NaN:NaN,19:50:44
641,0,0,None,0,4/8/2024,NaN:NaN,0,0,NaN:NaN,19:50:44
642,0,0,None,0,4/8/2024,NaN:NaN,0,0,NaN:NaN,19:50:44
643,0,0,None,0,4/8/2024,NaN:NaN,0,0,NaN:NaN,19:50:44
644,0,0,None,0,4/8/2024,NaN:NaN,0,0,NaN:NaN,19:50:44
645,0,0,None,0,4/8/2024,NaN:NaN,0,0,NaN:NaN,19:50:44
646,0,0,None,0,4/8/2024,NaN:NaN,0,0,NaN:NaN,19:50:44
647,0,0,None,0,4/8/2024,NaN:NaN,0,0,NaN:NaN,19:50:44
648,0,0,None,0,4/8/2024,NaN:NaN,0,0,NaN:NaN,19:50:44
649,0,0,None,0,4/8/2024,NaN:NaN,0,0,NaN:NaN,19:50:44
650,0,0,None,0,4/8/2024,NaN:NaN,0,0,NaN:NaN,19:50:44
651,0,0,None,0,4/8/2024,NaN:NaN,0,0,NaN:NaN,19:50:44
652,0,0,None,0,4/8/2024,NaN:NaN,0,0,NaN:NaN,19:50:44
653,0,0,None,0,4/8/2024,NaN:NaN,0,0,NaN:NaN,19:50:44
654,0,0,None,0,4/8/2024,NaN:NaN,0,0,NaN:NaN,19:50:44
655,0,0,None,0,4/8/2024,NaN:NaN,0,0,NaN:NaN,19:50:44
656,40.10586,-88.2015,Partial,98.32,4/8/2024,17:47:59,0,0,20:20:38,19:05:12
657,37.48431,-89.089,Total,100,4/8/2024,17:42:44,18:59:10,19:03:11,20:18:05,19:01:10
658,0,0,None,0,4/8/2024,NaN:NaN,0,0,NaN:NaN,19:50:44
659,38.44125,-90.1341,Partial,99.61,4/8/2024,17:42:40,0,0,20:17:15,19:00:37
660,37.62845,-89.0032,Total,100,4/8/2024,17:43:05,18:59:25,19:03:30,20:18:18,19:01:28
661,41.36841,-88.202,Partial,94.46,4/8/2024,17:49:51,0,0,20:21:04,19:06:20
662,39.31745,-89.747,Partial,98.01,4/8/2024,17:44:36,0,0,20:18:14,19:02:08
663,0,0,None,0,4/8/2024,NaN:NaN,0,0,NaN:NaN,19:50:44
664,37.67213,-88.1794,Total,100,4/8/2024,17:44:25,19:01:08,19:04:26,20:19:25,19:02:47
665,39.77373,-87.0203,Total,100,4/8/2024,17:49:12,19:05:22,19:07:51,20:22:02,19:06:37
666,37.65459,-89.1693,Total,100,4/8/2024,17:42:52,18:59:10,19:03:18,20:18:05,19:01:14
667,37.57629,-88.9146,Total,100,4/8/2024,17:43:08,18:59:33,19:03:32,20:18:23,19:01:32
668,37.62061,-88.6159,Total,100,4/8/2024,17:43:40,19:00:09,19:03:57,20:18:49,19:02:03
669,37.72196,-89.2368,Total,100,4/8/2024,17:42:52,18:59:08,19:03:16,20:18:03,19:01:12
670,37.61979,-88.8876,Total,100,4/8/2024,17:43:15,18:59:37,19:03:38,20:18:27,19:01:38
671,37.4445,-89.2074,Total,100,4/8/2024,17:42:30,18:58:55,19:02:58,20:17:54,19:00:57
672,0,0,None,0,4/8/2024,NaN:NaN,0,0,NaN:NaN,19:50:44
673,40.20544,-90.4037,Partial,94.14,4/8/2024,17:45:06,0,0,20:17:44,19:02:04
674,40.35665,-88.9752,Partial,96.27,4/8/2024,17:47:16,0,0,20:19:43,19:04:18
675,37.7226,-89.2305,Total,100,4/8/2024,17:42:53,18:59:09,19:03:17,20:18:03,19:01:13
676,38.1051,-90.0979,Total,100,4/8/2024,17:42:11,18:59:29,19:01:07,20:17:06,19:00:18
677,39.64256,-89.6587,Partial,97.22,4/8/2024,17:45:14,0,0,20:18:30,19:02:36
678,37.78371,-88.5227,Total,100,4/8/2024,17:44:03,19:00:24,19:04:20,20:19:02,19:02:22
679,41.78628,-87.9255,Partial,93.6,4/8/2024,17:50:50,0,0,20:21:32,19:07:06
680,37.95823,-88.6507,Total,100,4/8/2024,17:44:07,19:00:18,19:04:25,20:18:58,19:02:22
681,37.67215,-89.2631,Total,100,4/8/2024,17:42:45,18:59:02,19:03:11,20:17:59,19:01:07
682,40.55217,-89.6416,Partial,94.47,4/8/2024,17:46:40,0,0,20:18:54,19:03:31
683,39.00586,-87.7389,Total,100,4/8/2024,17:47:02,19:02:59,19:06:39,20:20:45,19:04:49
684,37.7246,-89.2454,Total,100,4/8/2024,17:42:52,18:59:07,19:03:16,20:18:02,19:01:12
685,37.83484,-89.3815,Total,100,4/8/2024,17:42:50,18:59:06,19:03:07,20:17:55,19:01:06
686,37.77625,-89.378,Total,100,4/8/2024,17:42:45,18:59:01,19:03:05,20:17:53,19:01:03
687,0,0,None,0,4/8/2024,NaN:NaN,0,0,NaN:NaN,19:50:44
688,40.53005,-90.2607,Partial,93.39,4/8/2024,17:45:48,0,0,20:18:03,19:02:36
689,37.52483,-88.8577,Total,100,4/8/2024,17:43:09,18:59:38,19:03:31,20:18:26,19:01:34
690,37.63287,-89.2328,Total,100,4/8/2024,17:42:45,18:59:02,19:03:11,20:18:00,19:01:07
691,39.79936,-89.6436,Partial,96.78,4/8/2024,17:45:29,0,0,20:18:36,19:02:47
692,41,-87,Partial,97.64,4/8/2024,17:50:58,0,0,20:22:30,19:07:44
693,37.61196,-89.2399,Total,100,4/8/2024,17:42:42,18:59:00,19:03:09,20:17:58,19:01:05
694,40.63586,-89.5118,Partial,94.44,4/8/2024,17:46:58,0,0,20:19:06,19:03:47
695,38.02764,-89.0128,Total,100,4/8/2024,17:43:41,18:59:52,19:03:54,20:18:32,19:01:53
696,40.86539,-90.3474,Partial,92.17,4/8/2024,17:46:13,0,0,20:18:03,19:02:48
697,0,0,None,0,4/8/2024,NaN:NaN,0,0,NaN:NaN,19:50:44
698,42.5542,-90.6961,Partial,86.14,4/8/2024,17:48:29,0,0,20:18:00,19:03:53
699,40.72644,-89.5041,Partial,94.17,4/8/2024,17:47:07,0,0,20:19:09,19:03:53
700,37.71174,-89.2772,Total,100,4/8/2024,17:42:48,18:59:04,19:03:12,20:17:59,19:01:08
701,39.17556,-89.5022,Partial,98.79,4/8/2024,17:44:43,0,0,20:18:30,19:02:21
702,0,0,None,0,4/8/2024,NaN:NaN,0,0,NaN:NaN,19:50:44
703,37.71623,-89.2283,Total,100,4/8/2024,17:42:53,18:59:08,19:03:17,20:18:03,19:01:13
704,39.7379,-90.4375,Partial,95.52,4/8/2024,17:44:18,0,0,20:17:29,19:01:32
705,40.69299,-89.7884,Partial,93.75,4/8/2024,17:46:41,0,0,20:18:45,19:03:27
706,37.45517,-89.2612,Total,100,4/8/2024,17:42:26,18:58:50,19:02:55,20:17:50,19:00:52
707,37.70528,-89.3763,Total,100,4/8/2024,17:42:38,18:58:55,19:03:02,20:17:51,19:00:58
708,0,0,None,0,4/8/2024,NaN:NaN,0,0,NaN:NaN,19:50:44
709,0,0,None,0,4/8/2024,NaN:NaN,0,0,NaN:NaN,19:50:44
710,40.69459,-89.5904,Partial,94.11,4/8/2024,17:46:57,0,0,20:19:01,19:03:44
711,41.91337,-88.3156,Partial,92.51,4/8/2024,17:50:31,0,0,20:21:03,19:06:39
712,38.25294,-88.8548,Total,100,4/8/2024,17:44:15,19:00:25,19:04:18,20:18:53,19:02:22
713,40.56619,-89.5848,Partial,94.53,4/8/2024,17:46:46,0,0,20:18:59,19:03:37
714,0,0,None,0,4/8/2024,NaN:NaN,0,0,NaN:NaN,19:50:44
715,37.71448,-88.8388,Total,100,4/8/2024,17:43:28,18:59:46,19:03:50,20:18:34,19:01:49
716,37.72528,-89.2167,Total,100,4/8/2024,17:42:54,18:59:10,19:03:18,20:18:04,19:01:14
717,0,0,None,0,4/8/2024,NaN:NaN,0,0,NaN:NaN,19:50:44
718,40.68258,-89.5438,Partial,94.24,4/8/2024,17:47:00,0,0,20:19:05,19:03:47
719,40.70346,-89.4037,Partial,94.43,4/8/2024,17:47:13,0,0,20:19:16,19:04:01
720,38.1051,-90.0979,Total,100,4/8/2024,17:42:11,18:59:29,19:01:07,20:17:06,19:00:18
721,38.40348,-90.1091,Partial,99.72,4/8/2024,17:42:39,0,0,20:17:16,19:00:37
722,0,0,None,0,4/8/2024,NaN:NaN,0,0,NaN:NaN,19:50:44
723,0,0,None,0,4/8/2024,NaN:NaN,0,0,NaN:NaN,19:50:44
724,37.60776,-89.2388,Total,100,4/8/2024,17:42:42,18:59:00,19:03:09,20:17:58,19:01:04
725,0,0,None,0,4/8/2024,NaN:NaN,0,0,NaN:NaN,19:50:44
726,38.54339,-89.0925,Total,100,4/8/2024,17:44:21,19:00:57,19:03:40,20:18:43,19:02:18
727,40.42623,-90.0291,Partial,94.15,4/8/2024,17:45:57,0,0,20:18:20,19:02:50
728,38.91429,-90.0384,Partial,98.63,4/8/2024,17:43:33,0,0,20:17:38,19:01:16
729,41.44734,-88.7624,Partial,93.22,4/8/2024,17:49:13,0,0,20:20:21,19:05:37
730,40.73498,-89.5552,Partial,94.05,4/8/2024,17:47:04,0,0,20:19:05,19:03:49
731,0,0,None,0,4/8/2024,NaN:NaN,0,0,NaN:NaN,19:50:44
732,37.24242,-89.1192,Total,100,4/8/2024,17:42:19,18:59:01,19:02:42,20:17:53,19:00:51
733,37.68828,-89.1277,Total,100,4/8/2024,17:42:59,18:59:16,19:03:24,20:18:10,19:01:20
734,0,0,None,0,4/8/2024,NaN:NaN,0,0,NaN:NaN,19:50:44
735,37.67178,-89.261,Total,100,4/8/2024,17:42:46,18:59:02,19:03:11,20:17:59,19:01:07
736,37.71765,-89.2346,Total,100,4/8/2024,17:42:52,18:59:08,19:03:16,20:18:03,19:01:12
737,0,0,None,0,4/8/2024,NaN:NaN,0,0,NaN:NaN,19:50:44
738,37.72284,-89.3517,Total,100,4/8/2024,17:42:42,18:58:58,19:03:05,20:17:53,19:01:02
739,37.72528,-89.2167,Total,100,4/8/2024,17:42:54,18:59:10,19:03:18,20:18:04,19:01:14
740,37.75332,-89.0672,Total,100,4/8/2024,17:43:11,18:59:26,19:03:34,20:18:17,19:01:30
741,37.71643,-89.3765,Total,100,4/8/2024,17:42:39,18:58:56,19:03:02,20:17:51,19:00:59
742,0,0,None,0,4/8/2024,NaN:NaN,0,0,NaN:NaN,19:50:44
743,0,0,None,0,4/8/2024,NaN:NaN,0,0,NaN:NaN,19:50:44
744,0,0,None,0,4/8/2024,NaN:NaN,0,0,NaN:NaN,19:50:44
745,0,0,None,0,4/8/2024,NaN:NaN,0,0,NaN:NaN,19:50:44
746,0,0,None,0,4/8/2024,NaN:NaN,0,0,NaN:NaN,19:50:44
747,37.67464,-89.2656,Total,100,4/8/2024,17:42:45,18:59:02,19:03:11,20:17:58,19:01:06
748,38.61252,-90.3128,Partial,98.97,4/8/2024,17:42:41,0,0,20:17:06,19:00:32
749,40.609,-89.37,Partial,94.78,4/8/2024,17:47:07,0,0,20:19:17,19:03:58
750,0,0,None,0,4/8/2024,NaN:NaN,0,0,NaN:NaN,19:50:44
751,0,0,None,0,4/8/2024,NaN:NaN,0,0,NaN:NaN,19:50:44
752,0,0,None,0,4/8/2024,NaN:NaN,0,0,NaN:NaN,19:50:44
753,0,0,None,0,4/8/2024,NaN:NaN,0,0,NaN:NaN,19:50:44
754,0,0,None,0,4/8/2024,NaN:NaN,0,0,NaN:NaN,19:50:44
755,29.67675,-98.62011,Total,100,4/8/2024,17:14:42,18:33:00,18:35:54,19:55:47,18:34:27
756,32.783939,-96.585562,Total,100,4/8/2024,17:23:31,18:40:51,18:44:57,20:02:55,18:42:54
757,29.68731,-98.35259,Total,100,4/8/2024,17:15:07,18:34:10,18:35:41,19:56:14,18:34:55
758,29.55279,-98.74542,Total,100,4/8/2024,17:14:17,18:32:36,18:35:28,19:55:25,18:34:02
759,28.7111,-100.46128,Total,100,4/8/2024,17:10:11,18:27:30,18:31:53,19:51:22,18:29:41
760,29.38291,-100.92381,Total,100,4/8/2024,17:10:52,18:28:30,18:31:43,19:51:31,18:30:07
761,28.85925,-100.52555,Total,100,4/8/2024,17:10:23,18:27:37,18:32:04,19:51:28,18:29:51
762,30.386361,-98.860931,Total,100,4/8/2024,17:15:43,18:33:03,18:37:28,19:56:20,18:35:16
763,30.19588,-98.83707,Total,100,4/8/2024,17:15:23,18:32:48,18:37:09,19:56:08,18:34:59
764,30.493044,-98.832651,Total,100,4/8/2024,17:15:57,18:33:17,18:37:42,19:56:31,18:35:29
765,28.15207,-96.98014,Partial,93.52,4/8/2024,17:14:23,0,0,19:56:12,18:34:36
766,27.629903,-97.30516,Partial,92.88,4/8/2024,17:12:55,0,0,19:54:53,18:33:07
767,28.46769,-96.49708,Partial,93.19,4/8/2024,17:15:45,0,0,19:57:26,18:35:59
768,23.3051,-106.4938,Total,100,4/8/2024,16:51:23,18:07:28,18:11:35,19:32:02,18:09:32
769,45.4960044,-70.8933287,Total,100,4/8/2024,18:17:54,19:28:41,19:32:09,20:38:55,19:30:26
770,40.6855659,-82.6175365,Total,100,4/8/2024,17:56:57,19:12:06,19:15:20,20:27:39,19:13:43
771,0,0,None,0,4/8/2024,NaN:NaN,0,0,NaN:NaN,19:50:44
772,40.398417,-82.416478,Total,100,4/8/2024,17:56:55,19:13:17,19:14:18,20:27:47,19:13:48
773,0,0,None,0,4/8/2024,NaN:NaN,0,0,NaN:NaN,19:50:44
774,42.078318,-82.493286,Total,100,4/8/2024,17:58:46,19:13:46,19:15:55,20:28:07,19:14:51
775,0,0,None,0,4/8/2024,NaN:NaN,0,0,NaN:NaN,19:50:44
776,0,0,None,0,4/8/2024,NaN:NaN,0,0,NaN:NaN,19:50:44
777,34.75964,-92.31847,Total,100,4/8/2024,17:33:25,18:51:22,18:54:03,20:11:25,18:52:43
778,0,0,None,0,4/8/2024,NaN:NaN,0,0,NaN:NaN,19:50:44
779,40.3737,-82.4061,Total,100,4/8/2024,17:56:54,19:13:37,19:13:57,20:27:47,19:13:47
780,38.013494,-87.551665,Total,100,4/8/2024,17:45:53,19:02:30,19:05:41,20:20:27,19:04:06
781,0,0,None,0,4/8/2024,NaN:NaN,0,0,NaN:NaN,19:50:44
782,41.319283,-80.831393,Total,100,4/8/2024,18:00:21,19:15:23,19:17:53,20:29:47,19:16:38
783,29.5769118,-98.5677935,Total,100,4/8/2024,17:14:35,18:33:17,18:35:27,19:55:44,18:34:22
784,43.97089,-69.21483,Partial,96.63,4/8/2024,18:19:26,0,0,20:40:26,19:32:07
785,0,0,None,0,4/8/2024,NaN:NaN,0,0,NaN:NaN,19:50:44
786,41.40948,-81.41458,Total,100,4/8/2024,17:59:35,19:14:06,19:17:40,20:29:11,19:15:53
787,41.54538,-81.63241,Total,100,4/8/2024,17:59:24,19:13:46,19:17:35,20:28:58,19:15:41
788,41.36953,-81.60655,Total,100,4/8/2024,17:59:15,19:13:46,19:17:25,20:28:58,19:15:36
789,37.608069,-89.244389,Total,100,4/8/2024,17:42:41,18:59:00,19:03:08,20:17:58,19:01:04
790,42.52785,-78.60831,Total,100,4/8/2024,18:04:53,19:18:37,19:21:58,20:32:18,19:20:18
791,39.39719,-96.73761,Partial,83.82,4/8/2024,17:35:42,0,0,20:07:58,18:51:49
792,28.53463,-99.88162,Total,100,4/8/2024,17:10:40,18:28:50,18:31:51,19:52:05,18:30:21
793,39.7486,-84.91857,Total,100,4/8/2024,17:52:18,19:07:48,19:11:32,20:24:37,19:09:40
794,39.806336,-84.9721271,Total,100,4/8/2024,17:52:17,19:07:43,19:11:34,20:24:35,19:09:39
795,39.836701,-84.838096,Total,100,4/8/2024,17:52:32,19:07:58,19:11:46,20:24:45,19:09:52
796,39.863,-84.872874,Total,100,4/8/2024,17:52:31,19:07:54,19:11:46,20:24:43,19:09:50
797,40.61,-89.37,Partial,94.78,4/8/2024,17:47:07,0,0,20:19:17,19:03:58
798,37.71831,-88.1858,Total,100,4/8/2024,17:44:28,19:01:06,19:04:32,20:19:26,19:02:49
799,0,0,None,0,4/8/2024,NaN:NaN,0,0,NaN:NaN,19:50:44
800,30.378841,-97.846125,Total,100,4/8/2024,17:17:10,18:35:28,18:38:24,19:57:59,18:36:56
801,0,0,None,0,4/8/2024,NaN:NaN,0,0,NaN:NaN,19:50:44
802,0,0,None,0,4/8/2024,NaN:NaN,0,0,NaN:NaN,19:50:44
803,37.53652,-89.2003,Total,100,4/8/2024,17:42:39,18:59:00,19:03:07,20:17:58,19:01:03
804,0,0,None,0,4/8/2024,NaN:NaN,0,0,NaN:NaN,19:50:44
805,42.163707,-83.643623,Partial,99.12,4/8/2024,17:57:14,0,0,20:26:50,19:13:20
806,39.755444,-84.352028,Total,100,4/8/2024,17:53:10,19:08:59,19:12:02,20:25:18,19:10:30
807,37.38289,-77.49917,Partial,82.45,4/8/2024,18:02:08,0,0,20:31:32,19:18:45
808,44.4778,-72.9859,Total,100,4/8/2024,18:14:28,19:26:21,19:29:28,20:37:26,19:27:55
809,41.42537,-81.16001,Total,100,4/8/2024,17:59:59,19:14:34,19:17:56,20:29:28,19:16:15
810,43.0127407,-88.3086583,Partial,88.93,4/8/2024,17:52:09,0,0,20:21:15,19:07:34
811,43.0111923,-88.3156509,Partial,88.93,4/8/2024,17:52:09,0,0,20:21:15,19:07:34
812,38.914312,-95.22715,Partial,88.46,4/8/2024,17:36:38,0,0,20:10:05,18:53:29
813,0,0,None,0,4/8/2024,NaN:NaN,0,0,NaN:NaN,19:50:44
814,0,0,None,0,4/8/2024,NaN:NaN,0,0,NaN:NaN,19:50:44
815,0,0,None,0,4/8/2024,NaN:NaN,0,0,NaN:NaN,19:50:44
816,0,0,None,0,4/8/2024,NaN:NaN,0,0,NaN:NaN,19:50:44
817,0,0,None,0,4/8/2024,NaN:NaN,0,0,NaN:NaN,19:50:44
818,0,0,None,0,4/8/2024,NaN:NaN,0,0,NaN:NaN,19:50:44
819,0,0,None,0,4/8/2024,NaN:NaN,0,0,NaN:NaN,19:50:44
820,43.647154,-79.498159,Partial,99.82,4/8/2024,18:04:43,0,0,20:31:28,19:19:41
821,0,0,None,0,4/8/2024,NaN:NaN,0,0,NaN:NaN,19:50:44
822,0,0,None,0,4/8/2024,NaN:NaN,0,0,NaN:NaN,19:50:44
823,0,0,None,0,4/8/2024,NaN:NaN,0,0,NaN:NaN,19:50:44
824,0,0,None,0,4/8/2024,NaN:NaN,0,0,NaN:NaN,19:50:44
825,0,0,None,0,4/8/2024,NaN:NaN,0,0,NaN:NaN,19:50:44
826,0,0,None,0,4/8/2024,NaN:NaN,0,0,NaN:NaN,19:50:44
827,0,0,None,0,4/8/2024,NaN:NaN,0,0,NaN:NaN,19:50:44
828,42.51349,-72.4854,Partial,94.77,4/8/2024,18:13:58,0,0,20:37:54,19:28:02
829,41.014259,-73.872704,Partial,90.88,4/8/2024,18:10:54,0,0,20:36:30,19:25:47
830,39.93093,-83.86388,Total,100,4/8/2024,17:54:08,19:09:58,19:12:44,20:25:57,19:11:21
831,0,0,None,0,4/8/2024,NaN:NaN,0,0,NaN:NaN,19:50:44
832,44.6344825,-75.6129557,Total,100,4/8/2024,18:10:58,19:23:32,19:26:12,20:35:08,19:24:52
833,30.22784,-97.89896,Total,100,4/8/2024,17:16:49,18:35:22,18:37:50,19:57:42,18:36:36
834,30.148453,-97.861088,Total,100,4/8/2024,17:16:43,18:35:40,18:37:23,19:57:40,18:36:32
835,39.56209,-84.74814,Total,100,4/8/2024,17:52:19,19:08:13,19:11:19,20:24:45,19:09:46
836,40.2268622,-82.9787107,Total,100,4/8/2024,17:55:51,19:11:52,19:13:51,20:27:05,19:12:52
837,39.81412,-84.36908,Total,100,4/8/2024,17:53:13,19:08:54,19:12:09,20:25:18,19:10:32
838,45.26248137,-69.17431401,Total,100,4/8/2024,18:20:03,19:31:19,19:33:12,20:40:16,19:32:16
839,45.177662,-72.71201,Total,100,4/8/2024,18:15:17,19:26:39,19:30:04,20:37:33,19:28:22
840,0,0,None,0,4/8/2024,NaN:NaN,0,0,NaN:NaN,19:50:44
841,45.52347,-73.56863,Total,100,4/8/2024,18:14:23,19:26:53,19:28:01,20:36:46,19:27:27
842,29.8577,-98.1949,Total,100,4/8/2024,17:15:40,18:34:36,18:36:22,19:56:44,18:35:29
843,44.7284033,-72.7542825,Total,100,4/8/2024,18:14:56,19:26:32,19:29:56,20:37:35,19:28:14
844,32.20162,-97.02453,Total,100,4/8/2024,17:21:48,18:39:06,18:43:25,20:01:34,18:41:16
845,38.640373,-89.097176,Total,100,4/8/2024,17:44:29,19:01:18,19:03:30,20:18:46,19:02:24
846,23.2487036,-106.449954,Total,100,4/8/2024,16:51:19,18:07:22,18:11:36,19:32:01,18:09:29
847,43.0539,-79.13847,Total,100,4/8/2024,18:04:38,19:18:06,19:21:37,20:31:49,19:19:52
848,0,0,None,0,4/8/2024,NaN:NaN,0,0,NaN:NaN,19:50:44
849,41.60848,-82.68669,Total,100,4/8/2024,17:57:56,19:12:31,19:16:01,20:27:49,19:14:16
850,30.44139,-99.80474,Total,100,4/8/2024,17:14:30,18:32:13,18:35:22,19:54:50,18:33:47
851,44.45806,-73.1975,Total,100,4/8/2024,18:14:09,19:26:03,19:29:16,20:37:15,19:27:40
852,33.12911,-96.06161,Total,100,4/8/2024,17:24:55,18:42:11,18:46:22,20:04:08,18:44:17
853,41.07831,-81.53961,Total,100,4/8/2024,17:59:01,19:14:04,19:16:55,20:28:58,19:15:30
854,41.0821,-81.54366,Total,100,4/8/2024,17:59:01,19:14:04,19:16:56,20:28:57,19:15:30
855,0,0,None,0,4/8/2024,NaN:NaN,0,0,NaN:NaN,19:50:44
856,39.283695,-86.762197,Total,100,4/8/2024,17:48:53,19:04:32,19:08:32,20:22:08,19:06:32
857,37.927988,-88.686035,Total,100,4/8/2024,17:44:01,19:00:13,19:04:20,20:18:55,19:02:16
858,0,0,None,0,4/8/2024,NaN:NaN,0,0,NaN:NaN,19:50:44
859,0,0,None,0,4/8/2024,NaN:NaN,0,0,NaN:NaN,19:50:44
860,38.14622,-84.68091,Partial,97.3,4/8/2024,17:50:36,0,0,20:24:07,19:08:36
861,40.7030809,-81.9932044,Total,100,4/8/2024,17:57:55,19:13:36,19:15:37,20:28:21,19:14:37
862,40.7270198,-81.9699569,Total,100,4/8/2024,17:57:59,19:13:36,19:15:43,20:28:23,19:14:40
863,44.773181,-71.128097,Total,100,4/8/2024,18:17:11,19:29:00,19:31:10,20:38:53,19:30:05
864,29.378005,-99.27359,Total,100,4/8/2024,17:13:11,18:30:57,18:34:45,19:54:18,18:32:51
865,32.5413804,-97.2668452,Total,100,4/8/2024,17:22:05,18:39:40,18:43:08,20:01:34,18:41:24
866,31.0334071,-97.9066345,Total,100,4/8/2024,17:18:19,18:35:45,18:40:06,19:58:44,18:37:55
867,40.1741,-75.26777,Partial,89.59,4/8/2024,18:08:05,0,0,20:35:01,19:23:34
868,92.1725,-34.459,None,0,4/8/2024,NaN:NaN,0,0,NaN:NaN,17:31:18
869,30.5065166,-98.8301321,Total,100,4/8/2024,17:15:59,18:33:18,18:37:43,19:56:33,18:35:31
870,41.407742,-71.8148763,Partial,89.8,4/8/2024,18:14:22,0,0,20:38:19,19:28:32
871A,25.5173491,-103.4371976,Total,100,4/8/2024,16:59:46,18:16:45,18:20:55,19:41:17,18:18:50
871,39.1600096,-86.5882744,Total,100,4/8/2024,17:48:58,19:04:39,19:08:42,20:22:18,19:06:41
872,34.75144,-92.28925,Total,100,4/8/2024,17:33:26,18:51:28,18:54:01,20:11:27,18:52:45
873,40.207739,-84.305955,Total,100,4/8/2024,17:53:49,19:09:00,19:12:53,20:25:32,19:10:56
874,32.77622,-97.09121,Total,100,4/8/2024,17:22:47,18:40:27,18:43:39,20:02:06,18:42:03
875,36.7787149,-90.4292413,Total,100,4/8/2024,17:39:36,18:56:11,19:00:21,20:15:46,18:58:16
876,36.77501,-90.93178,Total,100,4/8/2024,17:38:50,18:55:25,18:59:33,20:15:04,18:57:29
877,36.8068494,-90.5477812,Total,100,4/8/2024,17:39:28,18:56:01,19:00:13,20:15:38,18:58:07
878,36.8949341,-90.3967577,Total,100,4/8/2024,17:39:50,18:56:22,19:00:33,20:15:54,18:58:28
879,36.8068494,-90.5477812,Total,100,4/8/2024,17:39:28,18:56:01,19:00:13,20:15:38,18:58:07
880,37.18296293,-89.66131726,Total,100,4/8/2024,17:41:24,18:57:54,19:01:59,20:17:07,18:59:57
881,37.284,-89.1653,Total,100,4/8/2024,17:42:19,18:58:55,19:02:44,20:17:51,19:00:50
882,0,0,None,0,4/8/2024,NaN:NaN,0,0,NaN:NaN,19:50:44
883,36.7894841,-90.41492,Total,100,4/8/2024,17:39:38,18:56:14,19:00:23,20:15:48,18:58:19
884,0,0,None,0,4/8/2024,NaN:NaN,0,0,NaN:NaN,19:50:44
885,0,0,None,0,4/8/2024,NaN:NaN,0,0,NaN:NaN,19:50:44
886,34.75076,-92.28919,Total,100,4/8/2024,17:33:26,18:51:28,18:54:01,20:11:27,18:52:45
887,36.747454,-90.434402,Total,100,4/8/2024,17:39:32,18:56:09,19:00:18,20:15:44,18:58:14
888,45.97942,-60.22504,Partial,96.99,4/8/2024,18:31:31,0,0,20:45:30,19:40:48
889,45.4566667,-73.644167,Total,100,4/8/2024,18:14:14,19:26:34,19:28:08,20:36:43,19:27:21
890,41.139588,-81.4442947,Total,100,4/8/2024,17:59:14,19:14:13,19:17:08,20:29:05,19:15:40
891,41.138799,-81.4425,Total,100,4/8/2024,17:59:14,19:14:13,19:17:08,20:29:05,19:15:41
892,0,0,None,0,4/8/2024,NaN:NaN,0,0,NaN:NaN,19:50:44
893,0,0,None,0,4/8/2024,NaN:NaN,0,0,NaN:NaN,19:50:44
894,41.2667717,-82.3261822,Total,100,4/8/2024,17:58:04,19:12:36,19:16:28,20:28:08,19:14:32
895,34.57056,-94.27029,Total,100,4/8/2024,17:30:08,18:47:15,18:51:20,20:08:21,18:49:18
896,40.13944,-75.24009,Partial,89.42,4/8/2024,18:08:07,0,0,20:35:02,19:23:36
897,0,0,None,0,4/8/2024,NaN:NaN,0,0,NaN:NaN,19:50:44
898,0,0,None,0,4/8/2024,NaN:NaN,0,0,NaN:NaN,19:50:44
899,0,0,None,0,4/8/2024,NaN:NaN,0,0,NaN:NaN,19:50:44
900,0,0,None,0,4/8/2024,NaN:NaN,0,0,NaN:NaN,19:50:44
901,40.96383,-81.55973,Total,100,4/8/2024,17:58:52,19:14:12,19:16:35,20:28:54,19:15:24
902,41.13541,-82.21573,Total,100,4/8/2024,17:58:04,19:12:44,19:16:27,20:28:14,19:14:36
903,41.01536,-81.35731,Total,100,4/8/2024,17:59:14,19:14:38,19:16:47,20:29:09,19:15:43
904,43.82037,-73.49393,Partial,99.95,4/8/2024,18:13:19,0,0,20:37:04,19:27:10
905,42.42045,-71.2371,Partial,92.99,4/8/2024,18:15:46,0,0,20:38:55,19:29:31
906,42.10508,-79.4981,Total,100,4/8/2024,18:03:10,19:17:17,19:20:31,20:31:21,19:18:54
907,44.5064115,-74.9499764,Total,100,4/8/2024,18:11:47,19:23:53,19:27:21,20:35:45,19:25:37
908,44.5054843,-74.9494607,Total,100,4/8/2024,18:11:47,19:23:53,19:27:21,20:35:45,19:25:37
909,42.5243,-83.155,Partial,98.75,4/8/2024,17:58:22,0,0,20:27:27,19:14:14
910,42.8435434,-76.9886943,Total,100,4/8/2024,18:07:32,19:21:25,19:23:39,20:33:55,19:22:32
911,0,0,None,0,4/8/2024,NaN:NaN,0,0,NaN:NaN,19:50:44
912,42.0729086,-71.450002,Partial,91.91,4/8/2024,18:15:17,0,0,20:38:43,19:29:10
913,30.149681,-98.0432689,Total,100,4/8/2024,17:16:27,18:34:52,18:37:35,19:57:22,18:36:13
914,32.55141,-97.09196,Total,100,4/8/2024,17:22:21,18:39:48,18:43:36,20:01:51,18:41:42
915,0,0,None,0,4/8/2024,NaN:NaN,0,0,NaN:NaN,19:50:44
916,43.07334702,-77.81481803,Total,100,4/8/2024,18:06:33,19:19:45,19:23:24,20:33:08,19:21:34
917,42.02661947,-74.18379146,Partial,95.03,4/8/2024,18:11:05,0,0,20:36:24,19:25:46
918,29.8022951,-98.3969175,Total,100,4/8/2024,17:15:16,18:33:46,18:36:19,19:56:19,18:35:03
919,43.99088,-69.63999,Partial,97.11,4/8/2024,18:18:50,0,0,20:40:07,19:31:39
920,43.18657,-77.75444,Total,100,4/8/2024,18:06:44,19:19:51,19:23:33,20:33:11,19:21:42
921,37.69564,-89.31541,Total,100,4/8/2024,17:42:43,18:58:59,19:03:07,20:17:55,19:01:03
922,44.347197,-72.993761,Total,100,4/8/2024,18:14:22,19:26:30,19:29:15,20:37:26,19:27:53
923,38.03153,-78.52409,Partial,86.49,4/8/2024,18:00:52,0,0,20:30:54,19:17:42
924,45.128094,-72.297558,Total,100,4/8/2024,18:15:49,19:27:04,19:30:35,20:37:54,19:28:49
925,45.427141,-73.935098,Total,100,4/8/2024,18:13:50,19:26:34,19:27:29,20:36:29,19:27:01
926,43.5687744,-71.7461471,Partial,97.73,4/8/2024,18:15:39,0,0,20:38:31,19:29:10
927,0,0,None,0,4/8/2024,NaN:NaN,0,0,NaN:NaN,19:50:44
928,30.5624642,-97.7755493,Total,100,4/8/2024,17:17:37,18:35:41,18:39:03,19:58:21,18:37:22
929,38.49779,-88.26842,Total,100,4/8/2024,17:45:30,19:01:31,19:05:30,20:19:48,19:03:30
930,38.48962,-88.25138,Total,100,4/8/2024,17:45:31,19:01:31,19:05:31,20:19:49,19:03:32
931,42.92788,-76.53153,Total,100,4/8/2024,18:08:16,19:22:19,19:23:58,20:34:21,19:23:09
932,0,0,None,0,4/8/2024,NaN:NaN,0,0,NaN:NaN,19:50:44
933,42.62369369,-78.5394427,Total,100,4/8/2024,18:05:04,19:18:42,19:22:10,20:32:23,19:20:26
934,0,0,None,0,4/8/2024,NaN:NaN,0,0,NaN:NaN,19:50:44
935,0,0,None,0,4/8/2024,NaN:NaN,0,0,NaN:NaN,19:50:44
936,41.53953,-81.32313,Total,100,4/8/2024,17:59:52,19:14:15,19:17:57,20:29:18,19:16:06
937,36.97123,-90.2074,Total,100,4/8/2024,17:40:14,18:56:46,19:00:56,20:16:13,18:58:51
938,41.32766,-85.69758,Partial,98.66,4/8/2024,17:53:15,0,0,20:24:13,19:09:51
939,45.128507,-72.295065,Total,100,4/8/2024,18:15:49,19:27:04,19:30:35,20:37:54,19:28:50
940,30.671389,-96.301389,Partial,98.7,4/8/2024,17:20:03,0,0,20:00:50,18:40:01
941,45.430828,-73.94475,Total,100,4/8/2024,18:13:49,19:26:36,19:27:25,20:36:28,19:27:01
942,45.412799,-73.944045,Total,100,4/8/2024,18:13:48,19:26:28,19:27:33,20:36:28,19:27:00
943,45.402917,-73.941094,Total,100,4/8/2024,18:13:48,19:26:24,19:27:37,20:36:29,19:27:01
944,40.6076191,-82.3056,Total,100,4/8/2024,17:57:20,19:12:56,19:15:16,20:27:58,19:14:06
945,41.4565013,-81.2047232,Total,100,4/8/2024,17:59:57,19:14:28,19:17:57,20:29:25,19:16:13
946,0,0,None,0,4/8/2024,NaN:NaN,0,0,NaN:NaN,19:50:44
947,0,0,None,0,4/8/2024,NaN:NaN,0,0,NaN:NaN,19:50:44
948,41.6651,-83.6749,Total,100,4/8/2024,17:56:34,19:12:28,19:13:25,20:26:42,19:12:56
949,42.881297,-76.9874377,Total,100,4/8/2024,18:07:34,19:21:20,19:23:45,20:33:55,19:22:33
950,0,0,None,0,4/8/2024,NaN:NaN,0,0,NaN:NaN,19:50:44
951,0,0,None,0,4/8/2024,NaN:NaN,0,0,NaN:NaN,19:50:44
952,29.5291458,-99.6894972,Total,100,4/8/2024,17:12:52,18:30:12,18:34:37,19:53:49,18:32:25
953,39.403308,-86.315939,Total,100,4/8/2024,17:49:43,19:05:18,19:09:20,20:22:45,19:07:19
954,0,0,None,0,4/8/2024,NaN:NaN,0,0,NaN:NaN,19:50:44
955,0,0,None,0,4/8/2024,NaN:NaN,0,0,NaN:NaN,19:50:44
956,32.660075,-96.792436,Total,100,4/8/2024,17:22:59,18:40:21,18:44:23,20:02:27,18:42:22
957,42.4540743,-79.3371685,Total,100,4/8/2024,18:03:45,19:17:27,19:21:09,20:31:33,19:19:18
958,44.69318,-73.29719,Total,100,4/8/2024,18:14:10,19:25:50,19:29:22,20:37:09,19:27:36
959,41.67554,-81.21315,Total,100,4/8/2024,18:00:10,19:14:27,19:18:13,20:29:27,19:16:20
960,34.756604,-92.429643,Total,100,4/8/2024,17:33:14,18:51:01,18:54:02,20:11:15,18:52:32
961,33.21220014,-96.58427877,Total,100,4/8/2024,17:24:19,18:42:00,18:45:07,20:03:23,18:43:33
962,37.60759,-89.2466,Total,100,4/8/2024,17:42:41,18:58:59,19:03:08,20:17:57,19:01:04
963,41.53953,-81.32313,Total,100,4/8/2024,17:59:52,19:14:15,19:17:57,20:29:18,19:16:06
964,0,0,None,0,4/8/2024,NaN:NaN,0,0,NaN:NaN,19:50:44
965,41.638538,-80.495206,Total,100,4/8/2024,18:01:12,19:15:43,19:18:52,20:30:13,19:17:17
966,0,0,None,0,4/8/2024,NaN:NaN,0,0,NaN:NaN,19:50:44
967,0,0,None,0,4/8/2024,NaN:NaN,0,0,NaN:NaN,19:50:44
968,0,0,None,0,4/8/2024,NaN:NaN,0,0,NaN:NaN,19:50:44
